impression_id,impression_time,user_id,app_code,os_version,is_4G,is_click,server_time,device_type,session_id,item_id,item_price,category_1,category_2,category_3,product_type
c4ca4238a0b923820dcc509a6f75849b,2018-11-15 00:00:00,87862,422,old,0,0,2018-10-19 18:11:00,android,190710,43886,2350.0,11.0,35.0,20.0,5622.0
45c48cce2e2d7fbdea1afc51c7c6ad26,2018-11-15 00:01:00,63410,467,latest,1,1,2018-10-21 06:13:00,android,356854,43209,3421.0,4.0,74.0,292.0,577.0
45c48cce2e2d7fbdea1afc51c7c6ad26,2018-11-15 00:01:00,63410,467,latest,1,1,2018-10-21 06:13:00,android,356854,66370,14166.0,4.0,74.0,292.0,3399.0
45c48cce2e2d7fbdea1afc51c7c6ad26,2018-11-15 00:01:00,63410,467,latest,1,1,2018-10-21 17:01:00,android,345289,43209,3421.0,4.0,74.0,292.0,577.0
45c48cce2e2d7fbdea1afc51c7c6ad26,2018-11-15 00:01:00,63410,467,latest,1,1,2018-10-22 09:54:00,android,406658,43209,3421.0,4.0,74.0,292.0,577.0
45c48cce2e2d7fbdea1afc51c7c6ad26,2018-11-15 00:01:00,63410,467,latest,1,1,2018-10-24 11:14:00,android,15568,71877,3961.0,10.0,63.0,295.0,2270.0
45c48cce2e2d7fbdea1afc51c7c6ad26,2018-11-15 00:01:00,63410,467,latest,1,1,2018-10-25 05:00:00,android,343558,43209,3421.0,4.0,74.0,292.0,577.0
45c48cce2e2d7fbdea1afc51c7c6ad26,2018-11-15 00:01:00,63410,467,latest,1,1,2018-10-25 05:03:00,android,343558,43209,3421.0,4.0,74.0,292.0,577.0
45c48cce2e2d7fbdea1afc51c7c6ad26,2018-11-15 00:01:00,63410,467,latest,1,1,2018-11-24 05:29:00,android,983607,97274,2630.0,10.0,43.0,223.0,3055.0
45c48cce2e2d7fbdea1afc51c7c6ad26,2018-11-15 00:01:00,63410,467,latest,1,1,2018-12-10 19:48:00,android,135003,109074,6330.0,10.0,63.0,295.0,9337.0
45c48cce2e2d7fbdea1afc51c7c6ad26,2018-11-15 00:01:00,63410,467,latest,1,1,2018-12-10 19:51:00,android,135003,58018,1888.0,13.0,52.0,163.0,2734.0
45c48cce2e2d7fbdea1afc51c7c6ad26,2018-11-15 00:01:00,63410,467,latest,1,1,2018-12-10 19:59:00,android,135003,109074,6330.0,10.0,63.0,295.0,9337.0
45c48cce2e2d7fbdea1afc51c7c6ad26,2018-11-15 00:01:00,63410,467,latest,1,1,2018-12-10 20:03:00,android,135003,22064,1024.0,11.0,76.0,67.0,8411.0
70efdf2ec9b086079795c442636b55fb,2018-11-15 00:02:00,71748,259,intermediate,1,0,2018-10-23 12:59:00,android,658178,122348,973.0,13.0,67.0,170.0,2874.0
70efdf2ec9b086079795c442636b55fb,2018-11-15 00:02:00,71748,259,intermediate,1,0,2018-11-23 12:00:00,android,415583,32721,2224.0,8.0,21.0,139.0,2325.0
8e296a067a37563370ded05f5a3bf3ec,2018-11-15 00:02:00,69209,244,latest,1,0,2018-11-11 21:18:00,android,943856,53195,3008.0,11.0,51.0,220.0,8557.0
8e296a067a37563370ded05f5a3bf3ec,2018-11-15 00:02:00,69209,244,latest,1,0,2018-11-12 23:43:00,android,192232,45537,10752.0,9.0,44.0,114.0,9427.0
8e296a067a37563370ded05f5a3bf3ec,2018-11-15 00:02:00,69209,244,latest,1,0,2018-11-12 23:45:00,android,192232,53195,3008.0,11.0,51.0,220.0,8557.0
8e296a067a37563370ded05f5a3bf3ec,2018-11-15 00:02:00,69209,244,latest,1,0,2018-11-14 18:44:00,android,358781,2121,249.0,0.0,45.0,117.0,6379.0
8e296a067a37563370ded05f5a3bf3ec,2018-11-15 00:02:00,69209,244,latest,1,0,2018-11-14 18:48:00,android,358781,2121,249.0,0.0,45.0,117.0,6379.0
8e296a067a37563370ded05f5a3bf3ec,2018-11-15 00:02:00,69209,244,latest,1,0,2018-11-14 18:56:00,android,358781,2715,1601.0,14.0,61.0,159.0,7093.0
8e296a067a37563370ded05f5a3bf3ec,2018-11-15 00:02:00,69209,244,latest,1,0,2018-11-14 18:58:00,android,358781,2715,1601.0,14.0,61.0,159.0,7093.0
8e296a067a37563370ded05f5a3bf3ec,2018-11-15 00:02:00,69209,244,latest,1,0,2018-11-14 18:59:00,android,358781,1528,7320.0,9.0,44.0,114.0,3528.0
8e296a067a37563370ded05f5a3bf3ec,2018-11-15 00:02:00,69209,244,latest,1,0,2018-11-14 19:01:00,android,358781,1528,7320.0,9.0,44.0,114.0,3528.0
8e296a067a37563370ded05f5a3bf3ec,2018-11-15 00:02:00,69209,244,latest,1,0,2018-11-14 19:01:00,android,358781,2715,1601.0,14.0,61.0,159.0,7093.0
8e296a067a37563370ded05f5a3bf3ec,2018-11-15 00:02:00,69209,244,latest,1,0,2018-11-14 19:01:00,android,358781,104035,819.0,8.0,21.0,139.0,2944.0
8e296a067a37563370ded05f5a3bf3ec,2018-11-15 00:02:00,69209,244,latest,1,0,2018-11-17 12:40:00,android,33764,35963,22528.0,10.0,63.0,220.0,9959.0
8e296a067a37563370ded05f5a3bf3ec,2018-11-15 00:02:00,69209,244,latest,1,0,2018-11-17 12:43:00,android,33764,120027,3827.0,4.0,38.0,62.0,2106.0
8e296a067a37563370ded05f5a3bf3ec,2018-11-15 00:02:00,69209,244,latest,1,0,2018-11-17 12:46:00,android,33764,74902,499.0,11.0,35.0,20.0,5622.0
8e296a067a37563370ded05f5a3bf3ec,2018-11-15 00:02:00,69209,244,latest,1,0,2018-11-17 12:48:00,android,33764,68615,1606.0,17.0,26.0,233.0,2077.0
8e296a067a37563370ded05f5a3bf3ec,2018-11-15 00:02:00,69209,244,latest,1,0,2018-11-21 16:24:00,android,513082,55666,93568.0,8.0,40.0,313.0,1943.0
8e296a067a37563370ded05f5a3bf3ec,2018-11-15 00:02:00,69209,244,latest,1,0,2018-11-22 02:18:00,android,881337,68615,1606.0,17.0,26.0,233.0,2077.0
8e296a067a37563370ded05f5a3bf3ec,2018-11-15 00:02:00,69209,244,latest,1,0,2018-11-23 16:39:00,android,29945,132853,18179.0,1.0,42.0,157.0,4986.0
182be0c5cdcd5072bb1864cdee4d3d6e,2018-11-15 00:02:00,62873,473,latest,0,0,2018-10-18 12:02:00,android,342525,32155,3187.0,9.0,9.0,244.0,10412.0
182be0c5cdcd5072bb1864cdee4d3d6e,2018-11-15 00:02:00,62873,473,latest,0,0,2018-10-22 07:46:00,android,476439,118475,33216.0,1.0,42.0,30.0,5282.0
182be0c5cdcd5072bb1864cdee4d3d6e,2018-11-15 00:02:00,62873,473,latest,0,0,2018-11-08 19:18:00,android,1074318,32155,3187.0,9.0,9.0,244.0,10412.0
182be0c5cdcd5072bb1864cdee4d3d6e,2018-11-15 00:02:00,62873,473,latest,0,0,2018-11-08 19:22:00,android,1074318,76224,4354.0,11.0,51.0,15.0,5783.0
182be0c5cdcd5072bb1864cdee4d3d6e,2018-11-15 00:02:00,62873,473,latest,0,0,2018-11-10 23:56:00,android,805114,52490,6496.0,10.0,63.0,216.0,9697.0
182be0c5cdcd5072bb1864cdee4d3d6e,2018-11-15 00:02:00,62873,473,latest,0,0,2018-11-12 20:03:00,android,763475,73377,28480.0,1.0,28.0,314.0,6108.0
182be0c5cdcd5072bb1864cdee4d3d6e,2018-11-15 00:02:00,62873,473,latest,0,0,2018-11-12 20:06:00,android,763475,28621,5248.0,6.0,73.0,262.0,2455.0
182be0c5cdcd5072bb1864cdee4d3d6e,2018-11-15 00:02:00,62873,473,latest,0,0,2018-11-14 20:02:00,android,586786,45690,889.0,11.0,51.0,181.0,1812.0
182be0c5cdcd5072bb1864cdee4d3d6e,2018-11-15 00:02:00,62873,473,latest,0,0,2018-11-14 21:42:00,android,809094,4069,4556.0,7.0,24.0,100.0,9215.0
182be0c5cdcd5072bb1864cdee4d3d6e,2018-11-15 00:02:00,62873,473,latest,0,0,2018-11-15 02:54:00,android,351539,74542,4142.0,11.0,35.0,20.0,6295.0
182be0c5cdcd5072bb1864cdee4d3d6e,2018-11-15 00:02:00,62873,473,latest,0,0,2018-11-16 13:21:00,android,136040,835,117376.0,8.0,40.0,313.0,3642.0
182be0c5cdcd5072bb1864cdee4d3d6e,2018-11-15 00:02:00,62873,473,latest,0,0,2018-11-16 13:29:00,android,136040,45690,889.0,11.0,51.0,181.0,1812.0
182be0c5cdcd5072bb1864cdee4d3d6e,2018-11-15 00:02:00,62873,473,latest,0,0,2018-11-17 12:40:00,android,1076766,45690,889.0,11.0,51.0,181.0,1812.0
182be0c5cdcd5072bb1864cdee4d3d6e,2018-11-15 00:02:00,62873,473,latest,0,0,2018-11-18 22:45:00,android,835189,70499,3686.0,17.0,8.0,279.0,1961.0
182be0c5cdcd5072bb1864cdee4d3d6e,2018-11-15 00:02:00,62873,473,latest,0,0,2018-11-18 22:51:00,android,835189,70499,3686.0,17.0,8.0,279.0,1961.0
182be0c5cdcd5072bb1864cdee4d3d6e,2018-11-15 00:02:00,62873,473,latest,0,0,2018-11-19 17:01:00,android,610562,70499,3686.0,17.0,8.0,279.0,1961.0
182be0c5cdcd5072bb1864cdee4d3d6e,2018-11-15 00:02:00,62873,473,latest,0,0,2018-11-19 17:05:00,android,610562,70499,3686.0,17.0,8.0,279.0,1961.0
182be0c5cdcd5072bb1864cdee4d3d6e,2018-11-15 00:02:00,62873,473,latest,0,0,2018-11-19 19:36:00,android,557309,45690,889.0,11.0,51.0,181.0,1812.0
182be0c5cdcd5072bb1864cdee4d3d6e,2018-11-15 00:02:00,62873,473,latest,0,0,2018-11-20 18:18:00,android,119542,37973,38049.0,8.0,21.0,139.0,8310.0
182be0c5cdcd5072bb1864cdee4d3d6e,2018-11-15 00:02:00,62873,473,latest,0,0,2018-11-20 18:18:00,android,119542,129699,4199.0,15.0,0.0,214.0,248.0
182be0c5cdcd5072bb1864cdee4d3d6e,2018-11-15 00:02:00,62873,473,latest,0,0,2018-11-21 22:36:00,android,973885,70499,3686.0,17.0,8.0,279.0,1961.0
182be0c5cdcd5072bb1864cdee4d3d6e,2018-11-15 00:02:00,62873,473,latest,0,0,2018-11-25 17:13:00,android,518690,55096,7557.0,17.0,8.0,279.0,1032.0
182be0c5cdcd5072bb1864cdee4d3d6e,2018-11-15 00:02:00,62873,473,latest,0,0,2018-11-26 07:49:00,android,725709,29402,313.0,11.0,76.0,147.0,9583.0
182be0c5cdcd5072bb1864cdee4d3d6e,2018-11-15 00:02:00,62873,473,latest,0,0,2018-12-05 05:32:00,android,585242,53751,3392.0,12.0,57.0,85.0,9123.0
182be0c5cdcd5072bb1864cdee4d3d6e,2018-11-15 00:02:00,62873,473,latest,0,0,2018-12-05 05:33:00,android,585242,81973,10944.0,8.0,41.0,36.0,4517.0
182be0c5cdcd5072bb1864cdee4d3d6e,2018-11-15 00:02:00,62873,473,latest,0,0,2018-12-05 05:33:00,android,585242,125987,2617.0,14.0,29.0,332.0,10336.0
182be0c5cdcd5072bb1864cdee4d3d6e,2018-11-15 00:02:00,62873,473,latest,0,0,2018-12-05 05:35:00,android,585242,90187,480.0,12.0,57.0,171.0,1427.0
182be0c5cdcd5072bb1864cdee4d3d6e,2018-11-15 00:02:00,62873,473,latest,0,0,2018-12-05 05:36:00,android,585242,120891,3072.0,17.0,8.0,113.0,6318.0
182be0c5cdcd5072bb1864cdee4d3d6e,2018-11-15 00:02:00,62873,473,latest,0,0,2018-12-05 05:37:00,android,585242,53751,3392.0,12.0,57.0,85.0,9123.0
182be0c5cdcd5072bb1864cdee4d3d6e,2018-11-15 00:02:00,62873,473,latest,0,0,2018-12-06 00:39:00,android,789027,9634,3507.0,9.0,44.0,164.0,5420.0
182be0c5cdcd5072bb1864cdee4d3d6e,2018-11-15 00:02:00,62873,473,latest,0,0,2018-12-06 12:23:00,android,417912,117738,737.0,4.0,74.0,292.0,4524.0
182be0c5cdcd5072bb1864cdee4d3d6e,2018-11-15 00:02:00,62873,473,latest,0,0,2018-12-06 12:24:00,android,417912,62830,4485.0,17.0,8.0,113.0,2637.0
182be0c5cdcd5072bb1864cdee4d3d6e,2018-11-15 00:02:00,62873,473,latest,0,0,2018-12-06 12:25:00,android,417912,34922,7616.0,1.0,7.0,300.0,10083.0
182be0c5cdcd5072bb1864cdee4d3d6e,2018-11-15 00:02:00,62873,473,latest,0,0,2018-12-06 23:09:00,android,877202,95561,3974.0,9.0,44.0,164.0,6126.0
182be0c5cdcd5072bb1864cdee4d3d6e,2018-11-15 00:02:00,62873,473,latest,0,0,2018-12-06 23:46:00,android,298694,104347,3052.0,17.0,39.0,151.0,6201.0
182be0c5cdcd5072bb1864cdee4d3d6e,2018-11-15 00:02:00,62873,473,latest,0,0,2018-12-06 23:48:00,android,298694,80555,1120.0,7.0,23.0,149.0,3833.0
182be0c5cdcd5072bb1864cdee4d3d6e,2018-11-15 00:02:00,62873,473,latest,0,0,2018-12-06 23:49:00,android,298694,34489,1440.0,13.0,58.0,135.0,4378.0
182be0c5cdcd5072bb1864cdee4d3d6e,2018-11-15 00:02:00,62873,473,latest,0,0,2018-12-06 23:52:00,android,298694,29889,28710.0,1.0,36.0,28.0,6483.0
182be0c5cdcd5072bb1864cdee4d3d6e,2018-11-15 00:02:00,62873,473,latest,0,0,2018-12-06 23:54:00,android,298694,118851,288.0,7.0,33.0,11.0,7312.0
182be0c5cdcd5072bb1864cdee4d3d6e,2018-11-15 00:02:00,62873,473,latest,0,0,2018-12-06 23:56:00,android,298694,118851,288.0,7.0,33.0,11.0,7312.0
182be0c5cdcd5072bb1864cdee4d3d6e,2018-11-15 00:02:00,62873,473,latest,0,0,2018-12-07 22:31:00,android,156133,37894,7673.0,4.0,38.0,62.0,5609.0
182be0c5cdcd5072bb1864cdee4d3d6e,2018-11-15 00:02:00,62873,473,latest,0,0,2018-12-07 22:43:00,android,156133,123310,20428.0,9.0,3.0,238.0,3009.0
182be0c5cdcd5072bb1864cdee4d3d6e,2018-11-15 00:02:00,62873,473,latest,0,0,2018-12-07 22:45:00,android,156133,98911,633.0,4.0,1.0,111.0,1958.0
182be0c5cdcd5072bb1864cdee4d3d6e,2018-11-15 00:02:00,62873,473,latest,0,0,2018-12-07 22:45:00,android,156133,98911,633.0,4.0,1.0,111.0,1958.0
182be0c5cdcd5072bb1864cdee4d3d6e,2018-11-15 00:02:00,62873,473,latest,0,0,2018-12-11 22:54:00,android,782471,7522,2822.0,9.0,44.0,114.0,4944.0
182be0c5cdcd5072bb1864cdee4d3d6e,2018-11-15 00:02:00,62873,473,latest,0,0,2018-12-11 22:56:00,android,782471,7522,2822.0,9.0,44.0,114.0,4944.0
3416a75f4cea9109507cacd8e2f2aefc,2018-11-15 00:03:00,67352,409,latest,1,0,2018-10-19 09:28:00,android,922542,5472,14440.0,17.0,26.0,225.0,6113.0
3416a75f4cea9109507cacd8e2f2aefc,2018-11-15 00:03:00,67352,409,latest,1,0,2018-10-19 09:31:00,android,922542,91191,3578.0,4.0,1.0,111.0,1958.0
3416a75f4cea9109507cacd8e2f2aefc,2018-11-15 00:03:00,67352,409,latest,1,0,2018-10-19 09:32:00,android,922542,123983,326.0,11.0,76.0,147.0,3999.0
3416a75f4cea9109507cacd8e2f2aefc,2018-11-15 00:03:00,67352,409,latest,1,0,2018-10-19 09:34:00,android,922542,113856,1792.0,0.0,45.0,73.0,9231.0
3416a75f4cea9109507cacd8e2f2aefc,2018-11-15 00:03:00,67352,409,latest,1,0,2018-10-19 09:35:00,android,922542,123983,326.0,11.0,76.0,147.0,3999.0
3416a75f4cea9109507cacd8e2f2aefc,2018-11-15 00:03:00,67352,409,latest,1,0,2018-10-19 09:35:00,android,922542,52394,18496.0,16.0,68.0,326.0,3561.0
3416a75f4cea9109507cacd8e2f2aefc,2018-11-15 00:03:00,67352,409,latest,1,0,2018-10-22 10:18:00,android,327343,104035,819.0,8.0,21.0,139.0,2944.0
3416a75f4cea9109507cacd8e2f2aefc,2018-11-15 00:03:00,67352,409,latest,1,0,2018-10-22 10:19:00,android,327343,84930,2912.0,17.0,8.0,279.0,9041.0
3416a75f4cea9109507cacd8e2f2aefc,2018-11-15 00:03:00,67352,409,latest,1,0,2018-10-22 10:20:00,android,327343,86394,3136.0,4.0,1.0,111.0,1207.0
3416a75f4cea9109507cacd8e2f2aefc,2018-11-15 00:03:00,67352,409,latest,1,0,2018-10-22 10:21:00,android,327343,86394,3136.0,4.0,1.0,111.0,1207.0
3416a75f4cea9109507cacd8e2f2aefc,2018-11-15 00:03:00,67352,409,latest,1,0,2018-10-23 14:57:00,android,644173,48200,1907.0,8.0,40.0,76.0,2944.0
3416a75f4cea9109507cacd8e2f2aefc,2018-11-15 00:03:00,67352,409,latest,1,0,2018-10-23 15:07:00,android,644173,5472,14440.0,17.0,26.0,225.0,6113.0
3416a75f4cea9109507cacd8e2f2aefc,2018-11-15 00:03:00,67352,409,latest,1,0,2018-10-23 15:08:00,android,644173,45613,2304.0,12.0,57.0,85.0,4036.0
3416a75f4cea9109507cacd8e2f2aefc,2018-11-15 00:03:00,67352,409,latest,1,0,2018-10-23 15:13:00,android,644173,121006,2227.0,4.0,74.0,292.0,5061.0
3416a75f4cea9109507cacd8e2f2aefc,2018-11-15 00:03:00,67352,409,latest,1,0,2018-10-23 15:14:00,android,644173,50107,6080.0,13.0,52.0,34.0,8555.0
3416a75f4cea9109507cacd8e2f2aefc,2018-11-15 00:03:00,67352,409,latest,1,0,2018-10-23 15:14:00,android,644173,100150,889.0,0.0,6.0,50.0,3576.0
3416a75f4cea9109507cacd8e2f2aefc,2018-11-15 00:03:00,67352,409,latest,1,0,2018-10-23 15:15:00,android,644173,128604,8320.0,1.0,7.0,338.0,10333.0
3416a75f4cea9109507cacd8e2f2aefc,2018-11-15 00:03:00,67352,409,latest,1,0,2018-10-23 15:16:00,android,644173,44754,3708.0,9.0,9.0,41.0,7791.0
3416a75f4cea9109507cacd8e2f2aefc,2018-11-15 00:03:00,67352,409,latest,1,0,2018-10-23 15:16:00,android,644173,910,30890.0,16.0,4.0,119.0,3184.0
3416a75f4cea9109507cacd8e2f2aefc,2018-11-15 00:03:00,67352,409,latest,1,0,2018-10-23 15:17:00,android,644173,105508,2816.0,12.0,57.0,171.0,4446.0
3416a75f4cea9109507cacd8e2f2aefc,2018-11-15 00:03:00,67352,409,latest,1,0,2018-10-24 20:13:00,android,225463,105508,2816.0,12.0,57.0,171.0,4446.0
3416a75f4cea9109507cacd8e2f2aefc,2018-11-15 00:03:00,67352,409,latest,1,0,2018-10-24 20:16:00,android,225463,117986,633.0,6.0,14.0,101.0,5704.0
3416a75f4cea9109507cacd8e2f2aefc,2018-11-15 00:03:00,67352,409,latest,1,0,2018-10-24 20:32:00,android,225463,11871,2547.0,4.0,38.0,62.0,10412.0
3416a75f4cea9109507cacd8e2f2aefc,2018-11-15 00:03:00,67352,409,latest,1,0,2018-10-25 10:18:00,android,865402,84930,2912.0,17.0,8.0,279.0,9041.0
3416a75f4cea9109507cacd8e2f2aefc,2018-11-15 00:03:00,67352,409,latest,1,0,2018-11-03 23:09:00,android,414273,88989,31008.0,8.0,41.0,36.0,6347.0
3416a75f4cea9109507cacd8e2f2aefc,2018-11-15 00:03:00,67352,409,latest,1,0,2018-11-03 23:11:00,android,414273,176,8640.0,1.0,36.0,203.0,7640.0
3416a75f4cea9109507cacd8e2f2aefc,2018-11-15 00:03:00,67352,409,latest,1,0,2018-11-03 23:12:00,android,414273,73386,1792.0,0.0,45.0,73.0,2719.0
3416a75f4cea9109507cacd8e2f2aefc,2018-11-15 00:03:00,67352,409,latest,1,0,2018-11-09 11:28:00,android,587106,55159,256.0,13.0,58.0,75.0,9839.0
3416a75f4cea9109507cacd8e2f2aefc,2018-11-15 00:03:00,67352,409,latest,1,0,2018-11-09 11:29:00,android,587106,7328,1792.0,12.0,57.0,18.0,3151.0
3416a75f4cea9109507cacd8e2f2aefc,2018-11-15 00:03:00,67352,409,latest,1,0,2018-11-09 11:30:00,android,587106,42026,32000.0,16.0,68.0,326.0,6900.0
3416a75f4cea9109507cacd8e2f2aefc,2018-11-15 00:03:00,67352,409,latest,1,0,2018-11-16 16:30:00,android,557549,99851,1152.0,7.0,33.0,202.0,10457.0
3416a75f4cea9109507cacd8e2f2aefc,2018-11-15 00:03:00,67352,409,latest,1,0,2018-11-16 16:30:00,android,557549,127511,1331.0,14.0,62.0,112.0,491.0
3416a75f4cea9109507cacd8e2f2aefc,2018-11-15 00:03:00,67352,409,latest,1,0,2018-11-29 11:13:00,android,2051,22124,4096.0,10.0,43.0,223.0,3055.0
3416a75f4cea9109507cacd8e2f2aefc,2018-11-15 00:03:00,67352,409,latest,1,0,2018-11-29 11:17:00,android,2051,84930,2912.0,17.0,8.0,279.0,9041.0
3416a75f4cea9109507cacd8e2f2aefc,2018-11-15 00:03:00,67352,409,latest,1,0,2018-11-29 11:17:00,android,2051,83521,178688.0,8.0,40.0,313.0,3642.0
3416a75f4cea9109507cacd8e2f2aefc,2018-11-15 00:03:00,67352,409,latest,1,0,2018-11-29 11:19:00,android,2051,58781,22656.0,11.0,51.0,15.0,2069.0
3416a75f4cea9109507cacd8e2f2aefc,2018-11-15 00:03:00,67352,409,latest,1,0,2018-11-29 11:24:00,android,2051,48421,13539.0,9.0,3.0,48.0,2748.0
3416a75f4cea9109507cacd8e2f2aefc,2018-11-15 00:03:00,67352,409,latest,1,0,2018-11-29 11:27:00,android,2051,129139,5580.0,1.0,28.0,314.0,3874.0
3416a75f4cea9109507cacd8e2f2aefc,2018-11-15 00:03:00,67352,409,latest,1,0,2018-11-29 11:29:00,android,2051,37580,414720.0,6.0,77.0,325.0,8396.0
3416a75f4cea9109507cacd8e2f2aefc,2018-11-15 00:03:00,67352,409,latest,1,0,2018-11-29 11:31:00,android,2051,110892,153.0,12.0,57.0,212.0,907.0
3416a75f4cea9109507cacd8e2f2aefc,2018-11-15 00:03:00,67352,409,latest,1,0,2018-11-29 11:32:00,android,2051,128895,1472.0,0.0,45.0,73.0,9231.0
3416a75f4cea9109507cacd8e2f2aefc,2018-11-15 00:03:00,67352,409,latest,1,0,2018-11-29 11:33:00,android,2051,83426,2534.0,17.0,39.0,252.0,9992.0
3416a75f4cea9109507cacd8e2f2aefc,2018-11-15 00:03:00,67352,409,latest,1,0,2018-11-29 11:33:00,android,2051,113868,736.0,11.0,51.0,329.0,6673.0
3416a75f4cea9109507cacd8e2f2aefc,2018-11-15 00:03:00,67352,409,latest,1,0,2018-11-29 11:40:00,android,2051,73386,1792.0,0.0,45.0,73.0,2719.0
3416a75f4cea9109507cacd8e2f2aefc,2018-11-15 00:03:00,67352,409,latest,1,0,2018-11-29 11:42:00,android,2051,83579,9600.0,1.0,64.0,263.0,576.0
3416a75f4cea9109507cacd8e2f2aefc,2018-11-15 00:03:00,67352,409,latest,1,0,2018-11-29 11:44:00,android,2051,83579,9600.0,1.0,64.0,263.0,576.0
3416a75f4cea9109507cacd8e2f2aefc,2018-11-15 00:03:00,67352,409,latest,1,0,2018-11-29 11:47:00,android,2051,26037,2816.0,4.0,38.0,62.0,5049.0
3416a75f4cea9109507cacd8e2f2aefc,2018-11-15 00:03:00,67352,409,latest,1,0,2018-11-29 11:48:00,android,2051,58781,22656.0,11.0,51.0,15.0,2069.0
3416a75f4cea9109507cacd8e2f2aefc,2018-11-15 00:03:00,67352,409,latest,1,0,2018-11-29 11:49:00,android,2051,26037,2816.0,4.0,38.0,62.0,5049.0
3416a75f4cea9109507cacd8e2f2aefc,2018-11-15 00:03:00,67352,409,latest,1,0,2018-11-29 11:50:00,android,2051,7987,7283.0,17.0,26.0,233.0,6778.0
3416a75f4cea9109507cacd8e2f2aefc,2018-11-15 00:03:00,67352,409,latest,1,0,2018-11-29 11:52:00,android,2051,31446,31296.0,1.0,36.0,203.0,4646.0
3416a75f4cea9109507cacd8e2f2aefc,2018-11-15 00:03:00,67352,409,latest,1,0,2018-11-29 11:54:00,android,2051,70298,883.0,4.0,74.0,292.0,2076.0
3416a75f4cea9109507cacd8e2f2aefc,2018-11-15 00:03:00,67352,409,latest,1,0,2018-11-29 11:54:00,android,2051,40012,24320.0,1.0,64.0,263.0,9202.0
3416a75f4cea9109507cacd8e2f2aefc,2018-11-15 00:03:00,67352,409,latest,1,0,2018-11-29 11:55:00,android,2051,113348,665.0,11.0,51.0,15.0,9325.0
3416a75f4cea9109507cacd8e2f2aefc,2018-11-15 00:03:00,67352,409,latest,1,0,2018-11-29 11:56:00,android,2051,116175,3392.0,1.0,12.0,301.0,7455.0
3416a75f4cea9109507cacd8e2f2aefc,2018-11-15 00:03:00,67352,409,latest,1,0,2018-12-03 12:33:00,android,1044744,81606,5512.0,17.0,39.0,151.0,3289.0
3416a75f4cea9109507cacd8e2f2aefc,2018-11-15 00:03:00,67352,409,latest,1,0,2018-12-04 08:08:00,android,89256,131433,20480.0,9.0,37.0,162.0,3523.0
3416a75f4cea9109507cacd8e2f2aefc,2018-11-15 00:03:00,67352,409,latest,1,0,2018-12-04 19:41:00,android,7984,62411,91072.0,8.0,40.0,313.0,3642.0
3416a75f4cea9109507cacd8e2f2aefc,2018-11-15 00:03:00,67352,409,latest,1,0,2018-12-04 19:41:00,android,7984,97754,8000.0,17.0,26.0,225.0,4125.0
3416a75f4cea9109507cacd8e2f2aefc,2018-11-15 00:03:00,67352,409,latest,1,0,2018-12-04 19:41:00,android,7984,57819,1512.0,4.0,38.0,62.0,7632.0
3416a75f4cea9109507cacd8e2f2aefc,2018-11-15 00:03:00,67352,409,latest,1,0,2018-12-04 19:49:00,android,7984,116602,800.0,13.0,58.0,102.0,7267.0
3416a75f4cea9109507cacd8e2f2aefc,2018-11-15 00:03:00,67352,409,latest,1,0,2018-12-06 12:49:00,android,23392,44686,182144.0,1.0,42.0,211.0,9939.0
f457c545a9ded88f18ecee47145a72c0,2018-11-15 00:03:00,64356,190,intermediate,0,0,2018-10-15 09:06:00,android,620723,17237,883.0,7.0,31.0,271.0,4656.0
f457c545a9ded88f18ecee47145a72c0,2018-11-15 00:03:00,64356,190,intermediate,0,0,2018-10-15 09:07:00,android,620723,49192,563.0,17.0,39.0,151.0,8909.0
f457c545a9ded88f18ecee47145a72c0,2018-11-15 00:03:00,64356,190,intermediate,0,0,2018-10-15 09:10:00,android,620723,17237,883.0,7.0,31.0,271.0,4656.0
f457c545a9ded88f18ecee47145a72c0,2018-11-15 00:03:00,64356,190,intermediate,0,0,2018-10-15 09:11:00,android,620723,17237,883.0,7.0,31.0,271.0,4656.0
f457c545a9ded88f18ecee47145a72c0,2018-11-15 00:03:00,64356,190,intermediate,0,0,2018-10-15 09:16:00,android,620723,9908,11013.0,9.0,9.0,244.0,2504.0
f457c545a9ded88f18ecee47145a72c0,2018-11-15 00:03:00,64356,190,intermediate,0,0,2018-10-15 09:17:00,android,620723,17237,883.0,7.0,31.0,271.0,4656.0
f457c545a9ded88f18ecee47145a72c0,2018-11-15 00:03:00,64356,190,intermediate,0,0,2018-10-22 23:23:00,android,318592,42173,1728.0,1.0,12.0,301.0,7455.0
f457c545a9ded88f18ecee47145a72c0,2018-11-15 00:03:00,64356,190,intermediate,0,0,2018-10-27 00:01:00,android,7621,8160,1088.0,4.0,1.0,111.0,9362.0
f457c545a9ded88f18ecee47145a72c0,2018-11-15 00:03:00,64356,190,intermediate,0,0,2018-10-27 00:02:00,android,7621,63026,12736.0,16.0,56.0,42.0,8986.0
f457c545a9ded88f18ecee47145a72c0,2018-11-15 00:03:00,64356,190,intermediate,0,0,2018-10-27 00:03:00,android,7621,63026,12736.0,16.0,56.0,42.0,8986.0
f457c545a9ded88f18ecee47145a72c0,2018-11-15 00:03:00,64356,190,intermediate,0,0,2018-10-27 00:06:00,android,7621,67693,5440.0,14.0,62.0,201.0,6607.0
f457c545a9ded88f18ecee47145a72c0,2018-11-15 00:03:00,64356,190,intermediate,0,0,2018-10-27 00:08:00,android,7621,124385,1868.0,12.0,57.0,44.0,6436.0
f457c545a9ded88f18ecee47145a72c0,2018-11-15 00:03:00,64356,190,intermediate,0,0,2018-10-27 00:12:00,android,7621,113131,65216.0,1.0,64.0,263.0,9015.0
f457c545a9ded88f18ecee47145a72c0,2018-11-15 00:03:00,64356,190,intermediate,0,0,2018-10-28 22:23:00,android,335816,4401,2771.0,11.0,51.0,329.0,2132.0
f457c545a9ded88f18ecee47145a72c0,2018-11-15 00:03:00,64356,190,intermediate,0,0,2018-10-28 22:25:00,android,335816,44392,8832.0,9.0,44.0,114.0,3850.0
f457c545a9ded88f18ecee47145a72c0,2018-11-15 00:03:00,64356,190,intermediate,0,0,2018-10-29 16:32:00,android,305959,41184,1367.0,17.0,8.0,113.0,6318.0
f457c545a9ded88f18ecee47145a72c0,2018-11-15 00:03:00,64356,190,intermediate,0,0,2018-10-30 21:48:00,android,1031295,11871,2547.0,4.0,38.0,62.0,10412.0
f457c545a9ded88f18ecee47145a72c0,2018-11-15 00:03:00,64356,190,intermediate,0,0,2018-11-17 08:47:00,android,4718,116661,832.0,11.0,51.0,181.0,6764.0
f457c545a9ded88f18ecee47145a72c0,2018-11-15 00:03:00,64356,190,intermediate,0,0,2018-11-17 08:53:00,android,4718,26349,32470.0,9.0,3.0,159.0,176.0
f457c545a9ded88f18ecee47145a72c0,2018-11-15 00:03:00,64356,190,intermediate,0,0,2018-11-17 08:54:00,android,4718,90601,2496.0,8.0,21.0,139.0,965.0
f457c545a9ded88f18ecee47145a72c0,2018-11-15 00:03:00,64356,190,intermediate,0,0,2018-11-17 08:57:00,android,4718,7237,256.0,0.0,45.0,73.0,3274.0
f457c545a9ded88f18ecee47145a72c0,2018-11-15 00:03:00,64356,190,intermediate,0,0,2018-11-17 08:57:00,android,4718,19997,806.0,15.0,0.0,214.0,968.0
f457c545a9ded88f18ecee47145a72c0,2018-11-15 00:03:00,64356,190,intermediate,0,0,2018-11-20 09:00:00,android,792153,103311,2361.0,14.0,62.0,324.0,7394.0
f457c545a9ded88f18ecee47145a72c0,2018-11-15 00:03:00,64356,190,intermediate,0,0,2018-11-20 09:04:00,android,792153,88425,8192.0,6.0,77.0,325.0,4017.0
f457c545a9ded88f18ecee47145a72c0,2018-11-15 00:03:00,64356,190,intermediate,0,0,2018-11-20 09:05:00,android,792153,88425,8192.0,6.0,77.0,325.0,4017.0
f457c545a9ded88f18ecee47145a72c0,2018-11-15 00:03:00,64356,190,intermediate,0,0,2018-11-20 09:05:00,android,792153,88425,8192.0,6.0,77.0,325.0,4017.0
f457c545a9ded88f18ecee47145a72c0,2018-11-15 00:03:00,64356,190,intermediate,0,0,2018-11-24 10:15:00,android,635117,79225,301.0,17.0,39.0,151.0,2874.0
f457c545a9ded88f18ecee47145a72c0,2018-11-15 00:03:00,64356,190,intermediate,0,0,2018-12-04 08:30:00,android,759833,30086,10137.0,13.0,5.0,65.0,3765.0
f457c545a9ded88f18ecee47145a72c0,2018-11-15 00:03:00,64356,190,intermediate,0,0,2018-12-05 20:09:00,android,424665,67832,1785.0,6.0,14.0,63.0,8440.0
f457c545a9ded88f18ecee47145a72c0,2018-11-15 00:03:00,64356,190,intermediate,0,0,2018-12-05 20:14:00,android,424665,37894,7673.0,4.0,38.0,62.0,5609.0
f457c545a9ded88f18ecee47145a72c0,2018-11-15 00:03:00,64356,190,intermediate,0,0,2018-12-05 20:18:00,android,424665,114579,1600.0,4.0,74.0,292.0,4418.0
f457c545a9ded88f18ecee47145a72c0,2018-11-15 00:03:00,64356,190,intermediate,0,0,2018-12-05 20:19:00,android,424665,35637,25840.0,17.0,26.0,328.0,9533.0
f457c545a9ded88f18ecee47145a72c0,2018-11-15 00:03:00,64356,190,intermediate,0,0,2018-12-05 20:21:00,android,424665,97618,1779.0,4.0,74.0,292.0,6835.0
f457c545a9ded88f18ecee47145a72c0,2018-11-15 00:03:00,64356,190,intermediate,0,0,2018-12-06 20:01:00,android,996454,100481,44499.0,9.0,9.0,41.0,9789.0
f457c545a9ded88f18ecee47145a72c0,2018-11-15 00:03:00,64356,190,intermediate,0,0,2018-12-06 20:02:00,android,996454,84555,42649.0,9.0,3.0,27.0,4328.0
f457c545a9ded88f18ecee47145a72c0,2018-11-15 00:03:00,64356,190,intermediate,0,0,2018-12-06 21:10:00,android,699880,97618,1779.0,4.0,74.0,292.0,6835.0
f457c545a9ded88f18ecee47145a72c0,2018-11-15 00:03:00,64356,190,intermediate,0,0,2018-12-08 10:52:00,android,593531,58365,4048.0,17.0,26.0,233.0,2385.0
f457c545a9ded88f18ecee47145a72c0,2018-11-15 00:03:00,64356,190,intermediate,0,0,2018-12-08 10:53:00,android,593531,7522,2822.0,9.0,44.0,114.0,4944.0
72b32a1f754ba1c09b3695e0cb6cde7f,2018-11-15 00:04:00,27329,481,latest,0,0,2018-10-16 18:55:00,android,230771,129395,14515.0,8.0,40.0,84.0,2751.0
72b32a1f754ba1c09b3695e0cb6cde7f,2018-11-15 00:04:00,27329,481,latest,0,0,2018-11-13 21:04:00,android,348610,7522,2822.0,9.0,44.0,114.0,4944.0
72b32a1f754ba1c09b3695e0cb6cde7f,2018-11-15 00:04:00,27329,481,latest,0,0,2018-11-16 12:23:00,android,758468,59086,72960.0,8.0,41.0,36.0,8488.0
72b32a1f754ba1c09b3695e0cb6cde7f,2018-11-15 00:04:00,27329,481,latest,0,0,2018-11-17 13:48:00,android,380459,95249,377.0,12.0,57.0,44.0,2888.0
72b32a1f754ba1c09b3695e0cb6cde7f,2018-11-15 00:04:00,27329,481,latest,0,0,2018-11-17 22:06:00,android,490247,58320,1075.0,13.0,58.0,173.0,5358.0
72b32a1f754ba1c09b3695e0cb6cde7f,2018-11-15 00:04:00,27329,481,latest,0,0,2018-11-17 22:07:00,android,490247,39126,24896.0,1.0,7.0,308.0,8536.0
72b32a1f754ba1c09b3695e0cb6cde7f,2018-11-15 00:04:00,27329,481,latest,0,0,2018-11-18 23:41:00,android,750753,72955,2344.0,0.0,6.0,145.0,2056.0
72b32a1f754ba1c09b3695e0cb6cde7f,2018-11-15 00:04:00,27329,481,latest,0,0,2018-11-19 09:25:00,android,855453,122404,19136.0,8.0,40.0,84.0,9234.0
72b32a1f754ba1c09b3695e0cb6cde7f,2018-11-15 00:04:00,27329,481,latest,0,0,2018-11-19 09:27:00,android,855453,73216,10560.0,1.0,12.0,301.0,1076.0
72b32a1f754ba1c09b3695e0cb6cde7f,2018-11-15 00:04:00,27329,481,latest,0,0,2018-11-19 12:50:00,android,906514,122404,19136.0,8.0,40.0,84.0,9234.0
72b32a1f754ba1c09b3695e0cb6cde7f,2018-11-15 00:04:00,27329,481,latest,0,0,2018-11-19 12:52:00,android,906514,127672,3120.0,9.0,37.0,162.0,3528.0
72b32a1f754ba1c09b3695e0cb6cde7f,2018-11-15 00:04:00,27329,481,latest,0,0,2018-11-19 12:52:00,android,906514,98651,4019.0,0.0,45.0,81.0,3197.0
72b32a1f754ba1c09b3695e0cb6cde7f,2018-11-15 00:04:00,27329,481,latest,0,0,2018-11-19 12:52:00,android,906514,112943,2413.0,9.0,44.0,114.0,6898.0
72b32a1f754ba1c09b3695e0cb6cde7f,2018-11-15 00:04:00,27329,481,latest,0,0,2018-11-19 12:54:00,android,906514,10501,20275.0,15.0,0.0,214.0,9085.0
72b32a1f754ba1c09b3695e0cb6cde7f,2018-11-15 00:04:00,27329,481,latest,0,0,2018-11-19 12:54:00,android,906514,73216,10560.0,1.0,12.0,301.0,1076.0
72b32a1f754ba1c09b3695e0cb6cde7f,2018-11-15 00:04:00,27329,481,latest,0,0,2018-11-19 19:40:00,android,533811,73216,10560.0,1.0,12.0,301.0,1076.0
72b32a1f754ba1c09b3695e0cb6cde7f,2018-11-15 00:04:00,27329,481,latest,0,0,2018-11-22 15:43:00,android,360003,122404,19136.0,8.0,40.0,84.0,9234.0
72b32a1f754ba1c09b3695e0cb6cde7f,2018-11-15 00:04:00,27329,481,latest,0,0,2018-11-22 15:52:00,android,360003,73216,10560.0,1.0,12.0,301.0,1076.0
72b32a1f754ba1c09b3695e0cb6cde7f,2018-11-15 00:04:00,27329,481,latest,0,0,2018-11-22 15:59:00,android,360003,73216,10560.0,1.0,12.0,301.0,1076.0
72b32a1f754ba1c09b3695e0cb6cde7f,2018-11-15 00:04:00,27329,481,latest,0,0,2018-11-22 15:59:00,android,360003,73216,10560.0,1.0,12.0,301.0,1076.0
72b32a1f754ba1c09b3695e0cb6cde7f,2018-11-15 00:04:00,27329,481,latest,0,0,2018-11-22 16:07:00,android,360003,122404,19136.0,8.0,40.0,84.0,9234.0
72b32a1f754ba1c09b3695e0cb6cde7f,2018-11-15 00:04:00,27329,481,latest,0,0,2018-11-22 16:08:00,android,360003,127672,3120.0,9.0,37.0,162.0,3528.0
72b32a1f754ba1c09b3695e0cb6cde7f,2018-11-15 00:04:00,27329,481,latest,0,0,2018-11-22 16:09:00,android,360003,127672,3120.0,9.0,37.0,162.0,3528.0
72b32a1f754ba1c09b3695e0cb6cde7f,2018-11-15 00:04:00,27329,481,latest,0,0,2018-11-22 22:07:00,android,841617,73216,10560.0,1.0,12.0,301.0,1076.0
72b32a1f754ba1c09b3695e0cb6cde7f,2018-11-15 00:04:00,27329,481,latest,0,0,2018-11-22 22:09:00,android,841617,73216,10560.0,1.0,12.0,301.0,1076.0
72b32a1f754ba1c09b3695e0cb6cde7f,2018-11-15 00:04:00,27329,481,latest,0,0,2018-11-22 22:56:00,android,476119,73216,10560.0,1.0,12.0,301.0,1076.0
72b32a1f754ba1c09b3695e0cb6cde7f,2018-11-15 00:04:00,27329,481,latest,0,0,2018-11-22 22:57:00,android,476119,69646,249.0,12.0,57.0,171.0,6609.0
72b32a1f754ba1c09b3695e0cb6cde7f,2018-11-15 00:04:00,27329,481,latest,0,0,2018-11-23 08:43:00,android,756336,73216,10560.0,1.0,12.0,301.0,1076.0
72b32a1f754ba1c09b3695e0cb6cde7f,2018-11-15 00:04:00,27329,481,latest,0,0,2018-12-07 11:41:00,android,699898,33633,2092.0,13.0,58.0,102.0,1344.0
72b32a1f754ba1c09b3695e0cb6cde7f,2018-11-15 00:04:00,27329,481,latest,0,0,2018-12-08 18:20:00,android,850352,76404,6841.0,10.0,43.0,223.0,2874.0
fc490ca45c00b1249bbe3554a4fdf6fb,2018-11-15 00:05:00,83318,386,old,0,0,2018-10-18 19:42:00,android,541009,113905,53760.0,4.0,38.0,19.0,3893.0
fc490ca45c00b1249bbe3554a4fdf6fb,2018-11-15 00:05:00,83318,386,old,0,0,2018-10-20 19:26:00,android,90571,425,1025.0,4.0,74.0,292.0,4524.0
fc490ca45c00b1249bbe3554a4fdf6fb,2018-11-15 00:05:00,83318,386,old,0,0,2018-10-22 19:51:00,android,732410,88587,576.0,15.0,47.0,261.0,4783.0
fc490ca45c00b1249bbe3554a4fdf6fb,2018-11-15 00:05:00,83318,386,old,0,0,2018-10-23 20:51:00,android,188292,79527,6336.0,4.0,38.0,62.0,3928.0
fc490ca45c00b1249bbe3554a4fdf6fb,2018-11-15 00:05:00,83318,386,old,0,0,2018-10-26 06:35:00,android,977819,79527,6336.0,4.0,38.0,62.0,3928.0
fc490ca45c00b1249bbe3554a4fdf6fb,2018-11-15 00:05:00,83318,386,old,0,0,2018-10-26 06:36:00,android,977819,112138,2553.0,10.0,43.0,223.0,3055.0
fc490ca45c00b1249bbe3554a4fdf6fb,2018-11-15 00:05:00,83318,386,old,0,0,2018-10-26 06:37:00,android,977819,68696,27456.0,1.0,28.0,283.0,8052.0
fc490ca45c00b1249bbe3554a4fdf6fb,2018-11-15 00:05:00,83318,386,old,0,0,2018-10-26 06:39:00,android,977819,131779,3400.0,12.0,57.0,18.0,6192.0
fc490ca45c00b1249bbe3554a4fdf6fb,2018-11-15 00:05:00,83318,386,old,0,0,2018-10-26 06:39:00,android,977819,84901,583.0,16.0,20.0,269.0,6311.0
fc490ca45c00b1249bbe3554a4fdf6fb,2018-11-15 00:05:00,83318,386,old,0,0,2018-10-26 06:40:00,android,977819,85436,1401.0,10.0,63.0,303.0,2845.0
fc490ca45c00b1249bbe3554a4fdf6fb,2018-11-15 00:05:00,83318,386,old,0,0,2018-11-01 21:26:00,android,891211,16293,23808.0,1.0,42.0,30.0,2417.0
fc490ca45c00b1249bbe3554a4fdf6fb,2018-11-15 00:05:00,83318,386,old,0,0,2018-11-03 20:58:00,android,286942,49420,1377.0,11.0,35.0,20.0,6295.0
fc490ca45c00b1249bbe3554a4fdf6fb,2018-11-15 00:05:00,83318,386,old,0,0,2018-11-11 21:04:00,android,753058,72120,13184.0,16.0,56.0,256.0,173.0
fc490ca45c00b1249bbe3554a4fdf6fb,2018-11-15 00:05:00,83318,386,old,0,0,2018-11-18 22:20:00,android,796637,72955,2344.0,0.0,6.0,145.0,2056.0
fc490ca45c00b1249bbe3554a4fdf6fb,2018-11-15 00:05:00,83318,386,old,0,0,2018-11-18 22:21:00,android,796637,35295,2496.0,9.0,44.0,114.0,5236.0
fc490ca45c00b1249bbe3554a4fdf6fb,2018-11-15 00:05:00,83318,386,old,0,0,2018-11-24 23:56:00,android,740490,33633,2092.0,13.0,58.0,102.0,1344.0
fc490ca45c00b1249bbe3554a4fdf6fb,2018-11-15 00:05:00,83318,386,old,0,0,2018-11-26 21:12:00,android,1012241,114286,27520.0,1.0,64.0,263.0,2270.0
fc490ca45c00b1249bbe3554a4fdf6fb,2018-11-15 00:05:00,83318,386,old,0,0,2018-11-26 21:14:00,android,1012241,36387,1273.0,12.0,57.0,54.0,6647.0
fc490ca45c00b1249bbe3554a4fdf6fb,2018-11-15 00:05:00,83318,386,old,0,0,2018-11-29 16:30:00,android,938777,102341,2816.0,16.0,56.0,17.0,5622.0
fc490ca45c00b1249bbe3554a4fdf6fb,2018-11-15 00:05:00,83318,386,old,0,0,2018-11-30 20:45:00,android,434247,106911,10898.0,14.0,29.0,257.0,5318.0
fc490ca45c00b1249bbe3554a4fdf6fb,2018-11-15 00:05:00,83318,386,old,0,0,2018-11-30 20:46:00,android,434247,106911,10898.0,14.0,29.0,257.0,5318.0
fc490ca45c00b1249bbe3554a4fdf6fb,2018-11-15 00:05:00,83318,386,old,0,0,2018-11-30 20:46:00,android,434247,50150,1154.0,8.0,40.0,76.0,4924.0
fc490ca45c00b1249bbe3554a4fdf6fb,2018-11-15 00:05:00,83318,386,old,0,0,2018-11-30 20:48:00,android,434247,90842,8812.0,1.0,28.0,336.0,9187.0
fc490ca45c00b1249bbe3554a4fdf6fb,2018-11-15 00:05:00,83318,386,old,0,0,2018-11-30 20:48:00,android,434247,90842,8812.0,1.0,28.0,336.0,9187.0
fc490ca45c00b1249bbe3554a4fdf6fb,2018-11-15 00:05:00,83318,386,old,0,0,2018-12-05 09:00:00,android,1017411,85296,4352.0,16.0,19.0,306.0,8243.0
fc490ca45c00b1249bbe3554a4fdf6fb,2018-11-15 00:05:00,83318,386,old,0,0,2018-12-06 19:51:00,android,1058061,103097,21696.0,1.0,64.0,263.0,5164.0
fc490ca45c00b1249bbe3554a4fdf6fb,2018-11-15 00:05:00,83318,386,old,0,0,2018-12-09 21:54:00,android,479526,425,1025.0,4.0,74.0,292.0,4524.0
d2ddea18f00665ce8623e36bd4e3c7c5,2018-11-15 00:05:00,70206,190,latest,0,0,2018-10-18 23:19:00,android,192844,14991,121.0,7.0,46.0,285.0,7738.0
d2ddea18f00665ce8623e36bd4e3c7c5,2018-11-15 00:05:00,70206,190,latest,0,0,2018-10-18 23:22:00,android,192844,93312,1273.0,17.0,39.0,297.0,2874.0
d2ddea18f00665ce8623e36bd4e3c7c5,2018-11-15 00:05:00,70206,190,latest,0,0,2018-10-18 23:23:00,android,192844,93312,1273.0,17.0,39.0,297.0,2874.0
d2ddea18f00665ce8623e36bd4e3c7c5,2018-11-15 00:05:00,70206,190,latest,0,0,2018-10-21 10:55:00,android,1074329,80514,13824.0,8.0,41.0,36.0,4145.0
d2ddea18f00665ce8623e36bd4e3c7c5,2018-11-15 00:05:00,70206,190,latest,0,0,2018-10-25 23:51:00,android,810589,99955,4016.0,14.0,62.0,315.0,186.0
d2ddea18f00665ce8623e36bd4e3c7c5,2018-11-15 00:05:00,70206,190,latest,0,0,2018-11-02 23:41:00,android,653275,51102,6505.0,11.0,35.0,220.0,6815.0
d2ddea18f00665ce8623e36bd4e3c7c5,2018-11-15 00:05:00,70206,190,latest,0,0,2018-11-04 19:47:00,android,802028,49676,1747.0,9.0,9.0,90.0,5814.0
d2ddea18f00665ce8623e36bd4e3c7c5,2018-11-15 00:05:00,70206,190,latest,0,0,2018-11-04 19:50:00,android,802028,27809,2560.0,6.0,14.0,80.0,8162.0
d2ddea18f00665ce8623e36bd4e3c7c5,2018-11-15 00:05:00,70206,190,latest,0,0,2018-11-22 07:54:00,android,432279,72470,2062.0,4.0,74.0,292.0,4524.0
d2ddea18f00665ce8623e36bd4e3c7c5,2018-11-15 00:05:00,70206,190,latest,0,0,2018-11-27 16:06:00,android,693230,57543,3776.0,10.0,63.0,295.0,5545.0
d2ddea18f00665ce8623e36bd4e3c7c5,2018-11-15 00:05:00,70206,190,latest,0,0,2018-11-27 16:59:00,android,637456,32397,889.0,7.0,24.0,100.0,1417.0
d2ddea18f00665ce8623e36bd4e3c7c5,2018-11-15 00:05:00,70206,190,latest,0,0,2018-11-30 09:51:00,android,22187,72470,2062.0,4.0,74.0,292.0,4524.0
d2ddea18f00665ce8623e36bd4e3c7c5,2018-11-15 00:05:00,70206,190,latest,0,0,2018-12-04 22:30:00,android,133840,72470,2062.0,4.0,74.0,292.0,4524.0
d2ddea18f00665ce8623e36bd4e3c7c5,2018-11-15 00:05:00,70206,190,latest,0,0,2018-12-09 10:05:00,android,771112,40001,1049.0,7.0,31.0,12.0,4309.0
d2ddea18f00665ce8623e36bd4e3c7c5,2018-11-15 00:05:00,70206,190,latest,0,0,2018-12-09 10:07:00,android,771112,86910,1216.0,10.0,43.0,223.0,10083.0
d2ddea18f00665ce8623e36bd4e3c7c5,2018-11-15 00:05:00,70206,190,latest,0,0,2018-12-09 10:11:00,android,771112,86910,1216.0,10.0,43.0,223.0,10083.0
d2ddea18f00665ce8623e36bd4e3c7c5,2018-11-15 00:05:00,70206,190,latest,0,0,2018-12-09 10:13:00,android,771112,40004,15189.0,8.0,40.0,84.0,965.0
d2ddea18f00665ce8623e36bd4e3c7c5,2018-11-15 00:05:00,70206,190,latest,0,0,2018-12-09 10:16:00,android,771112,18279,160.0,12.0,57.0,212.0,209.0
d2ddea18f00665ce8623e36bd4e3c7c5,2018-11-15 00:05:00,70206,190,latest,0,0,2018-12-09 10:17:00,android,771112,25727,1888.0,11.0,51.0,242.0,2712.0
d2ddea18f00665ce8623e36bd4e3c7c5,2018-11-15 00:05:00,70206,190,latest,0,0,2018-12-09 10:19:00,android,771112,47477,883.0,13.0,58.0,47.0,2328.0
d2ddea18f00665ce8623e36bd4e3c7c5,2018-11-15 00:05:00,70206,190,latest,0,0,2018-12-09 10:20:00,android,771112,4968,1267.0,12.0,57.0,212.0,348.0
d2ddea18f00665ce8623e36bd4e3c7c5,2018-11-15 00:05:00,70206,190,latest,0,0,2018-12-09 10:21:00,android,771112,81639,505.0,12.0,57.0,85.0,5362.0
d2ddea18f00665ce8623e36bd4e3c7c5,2018-11-15 00:05:00,70206,190,latest,0,0,2018-12-09 10:22:00,android,771112,4968,1267.0,12.0,57.0,212.0,348.0
d2ddea18f00665ce8623e36bd4e3c7c5,2018-11-15 00:05:00,70206,190,latest,0,0,2018-12-09 10:25:00,android,771112,11022,2707.0,6.0,14.0,247.0,1634.0
d2ddea18f00665ce8623e36bd4e3c7c5,2018-11-15 00:05:00,70206,190,latest,0,0,2018-12-09 10:26:00,android,771112,92513,3841.0,17.0,8.0,159.0,9041.0
d2ddea18f00665ce8623e36bd4e3c7c5,2018-11-15 00:05:00,70206,190,latest,0,0,2018-12-09 12:11:00,android,522137,68481,6272.0,17.0,8.0,113.0,4757.0
d2ddea18f00665ce8623e36bd4e3c7c5,2018-11-15 00:05:00,70206,190,latest,0,0,2018-12-09 12:15:00,android,522137,68481,6272.0,17.0,8.0,113.0,4757.0
d2ddea18f00665ce8623e36bd4e3c7c5,2018-11-15 00:05:00,70206,190,latest,0,0,2018-12-09 12:16:00,android,522137,68481,6272.0,17.0,8.0,113.0,4757.0
d2ddea18f00665ce8623e36bd4e3c7c5,2018-11-15 00:05:00,70206,190,latest,0,0,2018-12-09 12:16:00,android,522137,68481,6272.0,17.0,8.0,113.0,4757.0
d2ddea18f00665ce8623e36bd4e3c7c5,2018-11-15 00:05:00,70206,190,latest,0,0,2018-12-09 12:17:00,android,522137,68481,6272.0,17.0,8.0,113.0,4757.0
d2ddea18f00665ce8623e36bd4e3c7c5,2018-11-15 00:05:00,70206,190,latest,0,0,2018-12-09 12:20:00,android,522137,68481,6272.0,17.0,8.0,113.0,4757.0
d2ddea18f00665ce8623e36bd4e3c7c5,2018-11-15 00:05:00,70206,190,latest,0,0,2018-12-09 19:40:00,android,926908,18279,160.0,12.0,57.0,212.0,209.0
d2ddea18f00665ce8623e36bd4e3c7c5,2018-11-15 00:05:00,70206,190,latest,0,0,2018-12-09 19:40:00,android,926908,18790,12736.0,4.0,74.0,292.0,10392.0
d2ddea18f00665ce8623e36bd4e3c7c5,2018-11-15 00:05:00,70206,190,latest,0,0,2018-12-09 19:42:00,android,926908,18279,160.0,12.0,57.0,212.0,209.0
d2ddea18f00665ce8623e36bd4e3c7c5,2018-11-15 00:05:00,70206,190,latest,0,0,2018-12-09 19:42:00,android,926908,112456,1884.0,8.0,41.0,36.0,1485.0
d2ddea18f00665ce8623e36bd4e3c7c5,2018-11-15 00:05:00,70206,190,latest,0,0,2018-12-09 19:43:00,android,926908,10756,691.0,4.0,38.0,62.0,7554.0
d2ddea18f00665ce8623e36bd4e3c7c5,2018-11-15 00:05:00,70206,190,latest,0,0,2018-12-10 19:18:00,android,655640,68481,6272.0,17.0,8.0,113.0,4757.0
d2ddea18f00665ce8623e36bd4e3c7c5,2018-11-15 00:05:00,70206,190,latest,0,0,2018-12-10 19:19:00,android,655640,28317,2489.0,7.0,23.0,304.0,4797.0
d2ddea18f00665ce8623e36bd4e3c7c5,2018-11-15 00:05:00,70206,190,latest,0,0,2018-12-10 19:21:00,android,655640,108468,16512.0,1.0,42.0,103.0,2844.0
d2ddea18f00665ce8623e36bd4e3c7c5,2018-11-15 00:05:00,70206,190,latest,0,0,2018-12-10 19:24:00,android,655640,84085,14656.0,1.0,64.0,263.0,2417.0
43ec517d68b6edd3015b3edc9a11367b,2018-11-15 00:06:00,74339,481,old,0,1,2018-10-19 10:37:00,android,248910,100847,2496.0,17.0,8.0,279.0,10019.0
43ec517d68b6edd3015b3edc9a11367b,2018-11-15 00:06:00,74339,481,old,0,1,2018-10-19 10:54:00,android,248910,117590,5990.0,6.0,49.0,209.0,3664.0
43ec517d68b6edd3015b3edc9a11367b,2018-11-15 00:06:00,74339,481,old,0,1,2018-10-19 10:56:00,android,248910,6131,6998.0,9.0,3.0,27.0,4763.0
43ec517d68b6edd3015b3edc9a11367b,2018-11-15 00:06:00,74339,481,old,0,1,2018-10-22 21:39:00,android,542468,78766,4544.0,1.0,12.0,301.0,5760.0
43ec517d68b6edd3015b3edc9a11367b,2018-11-15 00:06:00,74339,481,old,0,1,2018-10-22 21:40:00,android,542468,129770,4467.0,9.0,44.0,114.0,2645.0
43ec517d68b6edd3015b3edc9a11367b,2018-11-15 00:06:00,74339,481,old,0,1,2018-10-22 21:40:00,android,542468,13924,7616.0,4.0,38.0,62.0,3636.0
43ec517d68b6edd3015b3edc9a11367b,2018-11-15 00:06:00,74339,481,old,0,1,2018-10-22 21:41:00,android,542468,115366,2572.0,7.0,54.0,330.0,4309.0
43ec517d68b6edd3015b3edc9a11367b,2018-11-15 00:06:00,74339,481,old,0,1,2018-10-22 21:41:00,android,542468,129770,4467.0,9.0,44.0,114.0,2645.0
43ec517d68b6edd3015b3edc9a11367b,2018-11-15 00:06:00,74339,481,old,0,1,2018-10-25 08:45:00,android,943333,71838,377.0,12.0,57.0,184.0,3327.0
43ec517d68b6edd3015b3edc9a11367b,2018-11-15 00:06:00,74339,481,old,0,1,2018-10-27 00:31:00,android,1026359,16770,2060.0,14.0,61.0,132.0,2840.0
43ec517d68b6edd3015b3edc9a11367b,2018-11-15 00:06:00,74339,481,old,0,1,2018-10-29 10:29:00,android,288444,30766,778.0,4.0,1.0,111.0,7043.0
43ec517d68b6edd3015b3edc9a11367b,2018-11-15 00:06:00,74339,481,old,0,1,2018-10-29 10:30:00,android,288444,107155,12549.0,9.0,9.0,90.0,5019.0
43ec517d68b6edd3015b3edc9a11367b,2018-11-15 00:06:00,74339,481,old,0,1,2018-10-29 10:30:00,android,288444,26058,3526.0,8.0,41.0,36.0,1485.0
43ec517d68b6edd3015b3edc9a11367b,2018-11-15 00:06:00,74339,481,old,0,1,2018-10-29 10:31:00,android,288444,88228,3078.0,12.0,10.0,71.0,7238.0
43ec517d68b6edd3015b3edc9a11367b,2018-11-15 00:06:00,74339,481,old,0,1,2018-11-12 10:44:00,android,689687,81804,14284.0,14.0,29.0,199.0,5192.0
43ec517d68b6edd3015b3edc9a11367b,2018-11-15 00:06:00,74339,481,old,0,1,2018-11-12 10:49:00,android,689687,5408,2720.0,7.0,72.0,79.0,6367.0
43ec517d68b6edd3015b3edc9a11367b,2018-11-15 00:06:00,74339,481,old,0,1,2018-11-12 10:50:00,android,689687,50736,1280.0,1.0,12.0,301.0,7455.0
43ec517d68b6edd3015b3edc9a11367b,2018-11-15 00:06:00,74339,481,old,0,1,2018-11-12 10:51:00,android,689687,18398,18240.0,8.0,40.0,84.0,763.0
43ec517d68b6edd3015b3edc9a11367b,2018-11-15 00:06:00,74339,481,old,0,1,2018-11-12 10:53:00,android,689687,7160,992.0,0.0,45.0,138.0,4031.0
43ec517d68b6edd3015b3edc9a11367b,2018-11-15 00:06:00,74339,481,old,0,1,2018-11-13 22:27:00,android,191138,67420,5289.0,8.0,41.0,36.0,1485.0
43ec517d68b6edd3015b3edc9a11367b,2018-11-15 00:06:00,74339,481,old,0,1,2018-11-13 22:28:00,android,191138,66811,1216.0,4.0,74.0,292.0,8892.0
43ec517d68b6edd3015b3edc9a11367b,2018-11-15 00:06:00,74339,481,old,0,1,2018-11-13 22:29:00,android,191138,25208,1536.0,14.0,61.0,132.0,7535.0
43ec517d68b6edd3015b3edc9a11367b,2018-11-15 00:06:00,74339,481,old,0,1,2018-11-14 10:39:00,android,844154,25208,1536.0,14.0,61.0,132.0,7535.0
43ec517d68b6edd3015b3edc9a11367b,2018-11-15 00:06:00,74339,481,old,0,1,2018-11-15 00:06:00,android,10563,99522,10854.0,9.0,3.0,159.0,8064.0
43ec517d68b6edd3015b3edc9a11367b,2018-11-15 00:06:00,74339,481,old,0,1,2018-11-15 00:06:00,android,10563,18398,18240.0,8.0,40.0,84.0,763.0
43ec517d68b6edd3015b3edc9a11367b,2018-11-15 00:06:00,74339,481,old,0,1,2018-11-15 00:15:00,android,10563,37822,11456.0,1.0,42.0,103.0,3432.0
43ec517d68b6edd3015b3edc9a11367b,2018-11-15 00:06:00,74339,481,old,0,1,2018-11-15 00:25:00,android,10563,25208,1536.0,14.0,61.0,132.0,7535.0
43ec517d68b6edd3015b3edc9a11367b,2018-11-15 00:06:00,74339,481,old,0,1,2018-11-16 00:54:00,android,250825,25208,1536.0,14.0,61.0,132.0,7535.0
43ec517d68b6edd3015b3edc9a11367b,2018-11-15 00:06:00,74339,481,old,0,1,2018-11-19 21:31:00,android,1078974,96431,6336.0,10.0,43.0,264.0,2874.0
43ec517d68b6edd3015b3edc9a11367b,2018-11-15 00:06:00,74339,481,old,0,1,2018-11-19 21:31:00,android,1078974,79371,3136.0,17.0,8.0,279.0,4397.0
43ec517d68b6edd3015b3edc9a11367b,2018-11-15 00:06:00,74339,481,old,0,1,2018-11-19 21:35:00,android,1078974,68240,10081.0,8.0,21.0,268.0,8310.0
43ec517d68b6edd3015b3edc9a11367b,2018-11-15 00:06:00,74339,481,old,0,1,2018-11-21 10:40:00,android,484394,118269,2739.0,14.0,62.0,323.0,9294.0
43ec517d68b6edd3015b3edc9a11367b,2018-11-15 00:06:00,74339,481,old,0,1,2018-11-21 10:42:00,android,484394,22623,127840.0,9.0,3.0,27.0,4282.0
43ec517d68b6edd3015b3edc9a11367b,2018-11-15 00:06:00,74339,481,old,0,1,2018-11-21 10:44:00,android,484394,46626,953.0,14.0,62.0,324.0,1046.0
43ec517d68b6edd3015b3edc9a11367b,2018-11-15 00:06:00,74339,481,old,0,1,2018-11-21 10:45:00,android,484394,68481,6272.0,17.0,8.0,113.0,4757.0
43ec517d68b6edd3015b3edc9a11367b,2018-11-15 00:06:00,74339,481,old,0,1,2018-11-22 00:56:00,android,307789,86831,8920.0,8.0,21.0,268.0,8310.0
43ec517d68b6edd3015b3edc9a11367b,2018-11-15 00:06:00,74339,481,old,0,1,2018-11-22 00:59:00,android,307789,41279,6336.0,9.0,37.0,48.0,9706.0
43ec517d68b6edd3015b3edc9a11367b,2018-11-15 00:06:00,74339,481,old,0,1,2018-11-22 01:01:00,android,307789,119491,47795.0,1.0,42.0,157.0,4967.0
43ec517d68b6edd3015b3edc9a11367b,2018-11-15 00:06:00,74339,481,old,0,1,2018-11-22 01:02:00,android,307789,99522,10854.0,9.0,3.0,159.0,8064.0
43ec517d68b6edd3015b3edc9a11367b,2018-11-15 00:06:00,74339,481,old,0,1,2018-11-22 10:44:00,android,575450,110399,9216.0,15.0,0.0,214.0,9196.0
43ec517d68b6edd3015b3edc9a11367b,2018-11-15 00:06:00,74339,481,old,0,1,2018-11-22 10:44:00,android,575450,132568,1811.0,17.0,8.0,113.0,2874.0
43ec517d68b6edd3015b3edc9a11367b,2018-11-15 00:06:00,74339,481,old,0,1,2018-11-22 10:46:00,android,575450,68979,4608.0,0.0,45.0,138.0,4422.0
43ec517d68b6edd3015b3edc9a11367b,2018-11-15 00:06:00,74339,481,old,0,1,2018-11-22 10:47:00,android,575450,76664,3200.0,14.0,29.0,199.0,10009.0
43ec517d68b6edd3015b3edc9a11367b,2018-11-15 00:06:00,74339,481,old,0,1,2018-11-22 10:48:00,android,575450,26058,3526.0,8.0,41.0,36.0,1485.0
43ec517d68b6edd3015b3edc9a11367b,2018-11-15 00:06:00,74339,481,old,0,1,2018-11-22 10:49:00,android,575450,83107,209024.0,1.0,42.0,211.0,422.0
43ec517d68b6edd3015b3edc9a11367b,2018-11-15 00:06:00,74339,481,old,0,1,2018-12-01 10:26:00,android,639870,89981,10560.0,9.0,44.0,114.0,9530.0
43ec517d68b6edd3015b3edc9a11367b,2018-11-15 00:06:00,74339,481,old,0,1,2018-12-02 10:25:00,android,1030502,100880,2553.0,10.0,43.0,223.0,5386.0
43ec517d68b6edd3015b3edc9a11367b,2018-11-15 00:06:00,74339,481,old,0,1,2018-12-03 08:53:00,android,1040322,63307,62400.0,1.0,7.0,308.0,9189.0
43ec517d68b6edd3015b3edc9a11367b,2018-11-15 00:06:00,74339,481,old,0,1,2018-12-03 08:54:00,android,1040322,14216,14314.0,16.0,20.0,118.0,6260.0
43ec517d68b6edd3015b3edc9a11367b,2018-11-15 00:06:00,74339,481,old,0,1,2018-12-04 01:28:00,android,717345,89981,10560.0,9.0,44.0,114.0,9530.0
43ec517d68b6edd3015b3edc9a11367b,2018-11-15 00:06:00,74339,481,old,0,1,2018-12-05 10:39:00,android,729630,109202,1529.0,10.0,43.0,223.0,10208.0
43ec517d68b6edd3015b3edc9a11367b,2018-11-15 00:06:00,74339,481,old,0,1,2018-12-05 10:41:00,android,729630,76989,6256.0,7.0,54.0,330.0,8775.0
43ec517d68b6edd3015b3edc9a11367b,2018-11-15 00:06:00,74339,481,old,0,1,2018-12-05 10:42:00,android,729630,26572,69760.0,1.0,42.0,157.0,9314.0
43ec517d68b6edd3015b3edc9a11367b,2018-11-15 00:06:00,74339,481,old,0,1,2018-12-09 00:18:00,android,202249,54546,14176.0,1.0,12.0,301.0,6086.0
43ec517d68b6edd3015b3edc9a11367b,2018-11-15 00:06:00,74339,481,old,0,1,2018-12-10 22:16:00,android,450406,86831,8920.0,8.0,21.0,268.0,8310.0
43ec517d68b6edd3015b3edc9a11367b,2018-11-15 00:06:00,74339,481,old,0,1,2018-12-10 22:19:00,android,450406,14474,2048.0,14.0,29.0,257.0,9860.0
43ec517d68b6edd3015b3edc9a11367b,2018-11-15 00:06:00,74339,481,old,0,1,2018-12-10 23:03:00,android,995316,107958,8256.0,0.0,45.0,73.0,2004.0
43ec517d68b6edd3015b3edc9a11367b,2018-11-15 00:06:00,74339,481,old,0,1,2018-12-10 23:05:00,android,995316,7196,1465.0,13.0,5.0,65.0,431.0
43ec517d68b6edd3015b3edc9a11367b,2018-11-15 00:06:00,74339,481,old,0,1,2018-12-10 23:06:00,android,995316,81606,5512.0,17.0,39.0,151.0,3289.0
43ec517d68b6edd3015b3edc9a11367b,2018-11-15 00:06:00,74339,481,old,0,1,2018-12-10 23:07:00,android,995316,56512,5107.0,12.0,57.0,44.0,5311.0
43ec517d68b6edd3015b3edc9a11367b,2018-11-15 00:06:00,74339,481,old,0,1,2018-12-11 00:25:00,android,406435,25897,14080.0,6.0,14.0,101.0,8178.0
7647966b7343c29048673252e490f736,2018-11-15 00:06:00,62357,385,latest,0,0,2018-10-15 20:00:00,android,524438,27136,1267.0,4.0,74.0,292.0,7791.0
7647966b7343c29048673252e490f736,2018-11-15 00:06:00,62357,385,latest,0,0,2018-10-15 20:03:00,android,524438,27136,1267.0,4.0,74.0,292.0,7791.0
7647966b7343c29048673252e490f736,2018-11-15 00:06:00,62357,385,latest,0,0,2018-10-15 20:09:00,android,524438,78243,15923.0,9.0,3.0,260.0,2607.0
7647966b7343c29048673252e490f736,2018-11-15 00:06:00,62357,385,latest,0,0,2018-10-15 20:10:00,android,524438,102647,19094.0,9.0,3.0,172.0,3197.0
7647966b7343c29048673252e490f736,2018-11-15 00:06:00,62357,385,latest,0,0,2018-10-15 20:12:00,android,524438,102647,19094.0,9.0,3.0,172.0,3197.0
7647966b7343c29048673252e490f736,2018-11-15 00:06:00,62357,385,latest,0,0,2018-10-15 20:12:00,android,524438,81225,37632.0,8.0,41.0,36.0,7152.0
7647966b7343c29048673252e490f736,2018-11-15 00:06:00,62357,385,latest,0,0,2018-10-15 20:13:00,android,524438,17159,10432.0,4.0,38.0,62.0,2159.0
7647966b7343c29048673252e490f736,2018-11-15 00:06:00,62357,385,latest,0,0,2018-10-15 20:16:00,android,524438,17159,10432.0,4.0,38.0,62.0,2159.0
7647966b7343c29048673252e490f736,2018-11-15 00:06:00,62357,385,latest,0,0,2018-10-15 20:16:00,android,524438,102030,1945.0,8.0,41.0,36.0,1485.0
7647966b7343c29048673252e490f736,2018-11-15 00:06:00,62357,385,latest,0,0,2018-10-15 20:17:00,android,524438,17159,10432.0,4.0,38.0,62.0,2159.0
7647966b7343c29048673252e490f736,2018-11-15 00:06:00,62357,385,latest,0,0,2018-10-15 20:18:00,android,524438,102030,1945.0,8.0,41.0,36.0,1485.0
7647966b7343c29048673252e490f736,2018-11-15 00:06:00,62357,385,latest,0,0,2018-10-15 20:20:00,android,524438,27870,8896.0,10.0,43.0,264.0,9959.0
7647966b7343c29048673252e490f736,2018-11-15 00:06:00,62357,385,latest,0,0,2018-10-15 20:21:00,android,524438,72262,11968.0,11.0,51.0,15.0,2069.0
7647966b7343c29048673252e490f736,2018-11-15 00:06:00,62357,385,latest,0,0,2018-10-15 21:05:00,android,999582,27870,8896.0,10.0,43.0,264.0,9959.0
7647966b7343c29048673252e490f736,2018-11-15 00:06:00,62357,385,latest,0,0,2018-10-16 19:57:00,android,220622,27136,1267.0,4.0,74.0,292.0,7791.0
7647966b7343c29048673252e490f736,2018-11-15 00:06:00,62357,385,latest,0,0,2018-10-18 14:08:00,android,1086272,102030,1945.0,8.0,41.0,36.0,1485.0
7647966b7343c29048673252e490f736,2018-11-15 00:06:00,62357,385,latest,0,0,2018-10-18 14:09:00,android,1086272,45361,1907.0,13.0,58.0,189.0,73.0
7647966b7343c29048673252e490f736,2018-11-15 00:06:00,62357,385,latest,0,0,2018-10-20 17:33:00,android,513906,102030,1945.0,8.0,41.0,36.0,1485.0
7647966b7343c29048673252e490f736,2018-11-15 00:06:00,62357,385,latest,0,0,2018-10-21 03:38:00,android,583419,102647,19094.0,9.0,3.0,172.0,3197.0
7647966b7343c29048673252e490f736,2018-11-15 00:06:00,62357,385,latest,0,0,2018-10-21 14:34:00,android,924108,63154,13363.0,9.0,3.0,27.0,8483.0
7647966b7343c29048673252e490f736,2018-11-15 00:06:00,62357,385,latest,0,0,2018-10-21 14:38:00,android,924108,132068,2707.0,17.0,39.0,151.0,7722.0
7647966b7343c29048673252e490f736,2018-11-15 00:06:00,62357,385,latest,0,0,2018-10-21 14:39:00,android,924108,63154,13363.0,9.0,3.0,27.0,8483.0
7647966b7343c29048673252e490f736,2018-11-15 00:06:00,62357,385,latest,0,0,2018-10-21 14:41:00,android,924108,132068,2707.0,17.0,39.0,151.0,7722.0
7647966b7343c29048673252e490f736,2018-11-15 00:06:00,62357,385,latest,0,0,2018-10-21 14:41:00,android,924108,127045,21696.0,1.0,7.0,308.0,4986.0
7647966b7343c29048673252e490f736,2018-11-15 00:06:00,62357,385,latest,0,0,2018-10-21 14:42:00,android,924108,45377,800.0,13.0,67.0,170.0,9807.0
7647966b7343c29048673252e490f736,2018-11-15 00:06:00,62357,385,latest,0,0,2018-10-21 14:43:00,android,924108,45377,800.0,13.0,67.0,170.0,9807.0
7647966b7343c29048673252e490f736,2018-11-15 00:06:00,62357,385,latest,0,0,2018-10-21 14:43:00,android,924108,45377,800.0,13.0,67.0,170.0,9807.0
7647966b7343c29048673252e490f736,2018-11-15 00:06:00,62357,385,latest,0,0,2018-10-21 14:44:00,android,924108,126865,4736.0,1.0,36.0,203.0,9344.0
7647966b7343c29048673252e490f736,2018-11-15 00:06:00,62357,385,latest,0,0,2018-10-21 14:46:00,android,924108,58320,1075.0,13.0,58.0,173.0,5358.0
7647966b7343c29048673252e490f736,2018-11-15 00:06:00,62357,385,latest,0,0,2018-10-21 14:52:00,android,924108,15055,6278.0,13.0,18.0,5.0,3934.0
7647966b7343c29048673252e490f736,2018-11-15 00:06:00,62357,385,latest,0,0,2018-10-21 14:53:00,android,924108,58320,1075.0,13.0,58.0,173.0,5358.0
7647966b7343c29048673252e490f736,2018-11-15 00:06:00,62357,385,latest,0,0,2018-10-21 14:54:00,android,924108,58320,1075.0,13.0,58.0,173.0,5358.0
7647966b7343c29048673252e490f736,2018-11-15 00:06:00,62357,385,latest,0,0,2018-10-21 14:54:00,android,924108,58320,1075.0,13.0,58.0,173.0,5358.0
7647966b7343c29048673252e490f736,2018-11-15 00:06:00,62357,385,latest,0,0,2018-10-21 14:54:00,android,924108,116221,921.0,17.0,8.0,159.0,6081.0
7647966b7343c29048673252e490f736,2018-11-15 00:06:00,62357,385,latest,0,0,2018-10-21 14:59:00,android,924108,58320,1075.0,13.0,58.0,173.0,5358.0
7647966b7343c29048673252e490f736,2018-11-15 00:06:00,62357,385,latest,0,0,2018-10-21 15:03:00,android,924108,102304,3801.0,7.0,31.0,271.0,6210.0
7647966b7343c29048673252e490f736,2018-11-15 00:06:00,62357,385,latest,0,0,2018-10-21 15:03:00,android,924108,102471,953.0,17.0,39.0,151.0,3253.0
7647966b7343c29048673252e490f736,2018-11-15 00:06:00,62357,385,latest,0,0,2018-10-21 15:04:00,android,924108,102304,3801.0,7.0,31.0,271.0,6210.0
7647966b7343c29048673252e490f736,2018-11-15 00:06:00,62357,385,latest,0,0,2018-10-21 20:19:00,android,942864,42282,737.0,14.0,61.0,186.0,6361.0
7647966b7343c29048673252e490f736,2018-11-15 00:06:00,62357,385,latest,0,0,2018-10-21 21:34:00,android,553604,102647,19094.0,9.0,3.0,172.0,3197.0
7647966b7343c29048673252e490f736,2018-11-15 00:06:00,62357,385,latest,0,0,2018-10-21 21:35:00,android,553604,102030,1945.0,8.0,41.0,36.0,1485.0
7647966b7343c29048673252e490f736,2018-11-15 00:06:00,62357,385,latest,0,0,2018-10-21 21:35:00,android,553604,58320,1075.0,13.0,58.0,173.0,5358.0
7647966b7343c29048673252e490f736,2018-11-15 00:06:00,62357,385,latest,0,0,2018-10-21 21:35:00,android,553604,102030,1945.0,8.0,41.0,36.0,1485.0
7647966b7343c29048673252e490f736,2018-11-15 00:06:00,62357,385,latest,0,0,2018-10-21 21:45:00,android,553604,102647,19094.0,9.0,3.0,172.0,3197.0
7647966b7343c29048673252e490f736,2018-11-15 00:06:00,62357,385,latest,0,0,2018-10-23 15:58:00,android,665703,51227,2240.0,11.0,51.0,290.0,9780.0
7647966b7343c29048673252e490f736,2018-11-15 00:06:00,62357,385,latest,0,0,2018-10-23 15:58:00,android,665703,118477,3910.0,7.0,72.0,79.0,4309.0
7647966b7343c29048673252e490f736,2018-11-15 00:06:00,62357,385,latest,0,0,2018-10-23 17:54:00,android,918777,122657,1344.0,7.0,31.0,12.0,8411.0
7647966b7343c29048673252e490f736,2018-11-15 00:06:00,62357,385,latest,0,0,2018-10-25 02:25:00,android,112944,58320,1075.0,13.0,58.0,173.0,5358.0
7647966b7343c29048673252e490f736,2018-11-15 00:06:00,62357,385,latest,0,0,2018-10-25 02:28:00,android,112944,58320,1075.0,13.0,58.0,173.0,5358.0
7647966b7343c29048673252e490f736,2018-11-15 00:06:00,62357,385,latest,0,0,2018-11-06 02:49:00,android,736261,132031,2016.0,12.0,57.0,44.0,3834.0
7647966b7343c29048673252e490f736,2018-11-15 00:06:00,62357,385,latest,0,0,2018-11-06 02:50:00,android,736261,91870,7833.0,7.0,24.0,284.0,6207.0
7647966b7343c29048673252e490f736,2018-11-15 00:06:00,62357,385,latest,0,0,2018-11-12 09:33:00,android,390486,91870,7833.0,7.0,24.0,284.0,6207.0
7647966b7343c29048673252e490f736,2018-11-15 00:06:00,62357,385,latest,0,0,2018-11-12 09:33:00,android,390486,1741,384.0,6.0,14.0,64.0,1003.0
7647966b7343c29048673252e490f736,2018-11-15 00:06:00,62357,385,latest,0,0,2018-11-12 09:34:00,android,390486,49764,320.0,0.0,6.0,50.0,815.0
7647966b7343c29048673252e490f736,2018-11-15 00:06:00,62357,385,latest,0,0,2018-11-12 09:36:00,android,390486,91870,7833.0,7.0,24.0,284.0,6207.0
7647966b7343c29048673252e490f736,2018-11-15 00:06:00,62357,385,latest,0,0,2018-11-16 20:41:00,android,544031,84085,14656.0,1.0,64.0,263.0,2417.0
7647966b7343c29048673252e490f736,2018-11-15 00:06:00,62357,385,latest,0,0,2018-11-18 02:27:00,android,406091,91870,7833.0,7.0,24.0,284.0,6207.0
7647966b7343c29048673252e490f736,2018-11-15 00:06:00,62357,385,latest,0,0,2018-11-18 02:27:00,android,406091,49764,320.0,0.0,6.0,50.0,815.0
7647966b7343c29048673252e490f736,2018-11-15 00:06:00,62357,385,latest,0,0,2018-11-18 02:28:00,android,406091,75754,1036.0,15.0,0.0,214.0,9881.0
7647966b7343c29048673252e490f736,2018-11-15 00:06:00,62357,385,latest,0,0,2018-11-18 02:29:00,android,406091,41342,13440.0,1.0,42.0,103.0,6598.0
7647966b7343c29048673252e490f736,2018-11-15 00:06:00,62357,385,latest,0,0,2018-11-18 02:31:00,android,406091,75754,1036.0,15.0,0.0,214.0,9881.0
7647966b7343c29048673252e490f736,2018-11-15 00:06:00,62357,385,latest,0,0,2018-11-18 02:32:00,android,406091,110374,42880.0,9.0,9.0,90.0,1259.0
7647966b7343c29048673252e490f736,2018-11-15 00:06:00,62357,385,latest,0,0,2018-11-18 02:33:00,android,406091,52808,3406.0,17.0,39.0,151.0,8251.0
7647966b7343c29048673252e490f736,2018-11-15 00:06:00,62357,385,latest,0,0,2018-11-18 02:35:00,android,406091,41342,13440.0,1.0,42.0,103.0,6598.0
7647966b7343c29048673252e490f736,2018-11-15 00:06:00,62357,385,latest,0,0,2018-11-18 02:35:00,android,406091,3500,5178.0,4.0,38.0,62.0,10449.0
7647966b7343c29048673252e490f736,2018-11-15 00:06:00,62357,385,latest,0,0,2018-11-20 22:11:00,android,15418,3500,5178.0,4.0,38.0,62.0,10449.0
7647966b7343c29048673252e490f736,2018-11-15 00:06:00,62357,385,latest,0,0,2018-11-20 22:11:00,android,15418,41342,13440.0,1.0,42.0,103.0,6598.0
7647966b7343c29048673252e490f736,2018-11-15 00:06:00,62357,385,latest,0,0,2018-12-04 23:19:00,android,853723,131779,3400.0,12.0,57.0,18.0,6192.0
7647966b7343c29048673252e490f736,2018-11-15 00:06:00,62357,385,latest,0,0,2018-12-08 00:27:00,android,610844,41182,7434.0,9.0,9.0,41.0,7947.0
e2ef524fbf3d9fe611d5a8e90fefdc9c,2018-11-15 00:07:00,20273,249,latest,0,0,2018-11-03 17:30:00,android,1072833,23666,8952.0,9.0,9.0,90.0,3756.0
e2ef524fbf3d9fe611d5a8e90fefdc9c,2018-11-15 00:07:00,20273,249,latest,0,0,2018-11-04 09:06:00,android,601395,112966,602.0,11.0,70.0,322.0,5175.0
e2ef524fbf3d9fe611d5a8e90fefdc9c,2018-11-15 00:07:00,20273,249,latest,0,0,2018-11-04 09:07:00,android,601395,95249,377.0,12.0,57.0,44.0,2888.0
e2ef524fbf3d9fe611d5a8e90fefdc9c,2018-11-15 00:07:00,20273,249,latest,0,0,2018-11-04 09:08:00,android,601395,128429,576.0,12.0,57.0,212.0,10271.0
e2ef524fbf3d9fe611d5a8e90fefdc9c,2018-11-15 00:07:00,20273,249,latest,0,0,2018-11-04 09:08:00,android,601395,77340,408.0,12.0,57.0,171.0,3652.0
e2ef524fbf3d9fe611d5a8e90fefdc9c,2018-11-15 00:07:00,20273,249,latest,0,0,2018-11-04 09:11:00,android,601395,89207,1523.0,10.0,43.0,223.0,4808.0
e2ef524fbf3d9fe611d5a8e90fefdc9c,2018-11-15 00:07:00,20273,249,latest,0,0,2018-11-04 09:21:00,android,601395,33032,825.0,14.0,62.0,323.0,4824.0
e2ef524fbf3d9fe611d5a8e90fefdc9c,2018-11-15 00:07:00,20273,249,latest,0,0,2018-11-04 09:27:00,android,601395,105158,15052.0,9.0,3.0,312.0,9174.0
e2ef524fbf3d9fe611d5a8e90fefdc9c,2018-11-15 00:07:00,20273,249,latest,0,0,2018-11-04 09:28:00,android,601395,44364,5690.0,16.0,68.0,326.0,7820.0
e2ef524fbf3d9fe611d5a8e90fefdc9c,2018-11-15 00:07:00,20273,249,latest,0,0,2018-11-05 07:12:00,android,149470,95249,377.0,12.0,57.0,44.0,2888.0
e2ef524fbf3d9fe611d5a8e90fefdc9c,2018-11-15 00:07:00,20273,249,latest,0,0,2018-11-05 18:04:00,android,743766,48747,109670.0,9.0,3.0,172.0,2099.0
e2ef524fbf3d9fe611d5a8e90fefdc9c,2018-11-15 00:07:00,20273,249,latest,0,0,2018-11-06 22:09:00,android,966204,79262,3080.0,9.0,44.0,164.0,986.0
e2ef524fbf3d9fe611d5a8e90fefdc9c,2018-11-15 00:07:00,20273,249,latest,0,0,2018-11-06 22:10:00,android,966204,79262,3080.0,9.0,44.0,164.0,986.0
e2ef524fbf3d9fe611d5a8e90fefdc9c,2018-11-15 00:07:00,20273,249,latest,0,0,2018-11-07 10:48:00,android,632454,32827,27347.0,14.0,62.0,333.0,6693.0
e2ef524fbf3d9fe611d5a8e90fefdc9c,2018-11-15 00:07:00,20273,249,latest,0,0,2018-11-07 22:28:00,android,681159,50254,20832.0,17.0,26.0,225.0,5091.0
e2ef524fbf3d9fe611d5a8e90fefdc9c,2018-11-15 00:07:00,20273,249,latest,0,0,2018-11-07 22:30:00,android,681159,68895,3974.0,9.0,44.0,114.0,9776.0
e2ef524fbf3d9fe611d5a8e90fefdc9c,2018-11-15 00:07:00,20273,249,latest,0,0,2018-11-07 22:33:00,android,681159,78467,449.0,14.0,61.0,132.0,4851.0
e2ef524fbf3d9fe611d5a8e90fefdc9c,2018-11-15 00:07:00,20273,249,latest,0,0,2018-11-07 22:35:00,android,681159,78467,449.0,14.0,61.0,132.0,4851.0
e2ef524fbf3d9fe611d5a8e90fefdc9c,2018-11-15 00:07:00,20273,249,latest,0,0,2018-11-07 22:35:00,android,681159,5158,21734.0,14.0,29.0,199.0,7027.0
e2ef524fbf3d9fe611d5a8e90fefdc9c,2018-11-15 00:07:00,20273,249,latest,0,0,2018-11-08 00:44:00,android,266902,121833,17318.0,8.0,40.0,84.0,4924.0
e2ef524fbf3d9fe611d5a8e90fefdc9c,2018-11-15 00:07:00,20273,249,latest,0,0,2018-11-08 00:45:00,android,266902,16770,2060.0,14.0,61.0,132.0,2840.0
e2ef524fbf3d9fe611d5a8e90fefdc9c,2018-11-15 00:07:00,20273,249,latest,0,0,2018-11-08 21:49:00,android,307881,79225,301.0,17.0,39.0,151.0,2874.0
e2ef524fbf3d9fe611d5a8e90fefdc9c,2018-11-15 00:07:00,20273,249,latest,0,0,2018-11-08 21:51:00,android,307881,72414,99360.0,9.0,3.0,27.0,4328.0
e2ef524fbf3d9fe611d5a8e90fefdc9c,2018-11-15 00:07:00,20273,249,latest,0,0,2018-11-08 23:57:00,android,528718,32827,27347.0,14.0,62.0,333.0,6693.0
e2ef524fbf3d9fe611d5a8e90fefdc9c,2018-11-15 00:07:00,20273,249,latest,0,0,2018-11-09 22:07:00,android,250562,77340,408.0,12.0,57.0,171.0,3652.0
e2ef524fbf3d9fe611d5a8e90fefdc9c,2018-11-15 00:07:00,20273,249,latest,0,0,2018-11-09 22:08:00,android,250562,102223,2816.0,11.0,35.0,20.0,5107.0
e2ef524fbf3d9fe611d5a8e90fefdc9c,2018-11-15 00:07:00,20273,249,latest,0,0,2018-11-09 22:09:00,android,250562,12654,37114.0,16.0,56.0,188.0,3561.0
e2ef524fbf3d9fe611d5a8e90fefdc9c,2018-11-15 00:07:00,20273,249,latest,0,0,2018-11-11 00:51:00,android,71831,79262,3080.0,9.0,44.0,164.0,986.0
e2ef524fbf3d9fe611d5a8e90fefdc9c,2018-11-15 00:07:00,20273,249,latest,0,0,2018-11-13 12:34:00,android,313536,97075,13363.0,1.0,42.0,157.0,4967.0
e2ef524fbf3d9fe611d5a8e90fefdc9c,2018-11-15 00:07:00,20273,249,latest,0,0,2018-11-13 12:35:00,android,313536,83426,2534.0,17.0,39.0,252.0,9992.0
e2ef524fbf3d9fe611d5a8e90fefdc9c,2018-11-15 00:07:00,20273,249,latest,0,0,2018-11-15 16:17:00,android,211668,99270,1856.0,0.0,6.0,277.0,3810.0
e2ef524fbf3d9fe611d5a8e90fefdc9c,2018-11-15 00:07:00,20273,249,latest,0,0,2018-11-16 12:51:00,android,863666,10696,1248.0,7.0,31.0,271.0,10120.0
e2ef524fbf3d9fe611d5a8e90fefdc9c,2018-11-15 00:07:00,20273,249,latest,0,0,2018-11-16 12:51:00,android,863666,95249,377.0,12.0,57.0,44.0,2888.0
e2ef524fbf3d9fe611d5a8e90fefdc9c,2018-11-15 00:07:00,20273,249,latest,0,0,2018-11-16 12:52:00,android,863666,95249,377.0,12.0,57.0,44.0,2888.0
e2ef524fbf3d9fe611d5a8e90fefdc9c,2018-11-15 00:07:00,20273,249,latest,0,0,2018-11-16 18:33:00,android,16869,32827,27347.0,14.0,62.0,333.0,6693.0
e2ef524fbf3d9fe611d5a8e90fefdc9c,2018-11-15 00:07:00,20273,249,latest,0,0,2018-11-16 18:34:00,android,16869,32827,27347.0,14.0,62.0,333.0,6693.0
e2ef524fbf3d9fe611d5a8e90fefdc9c,2018-11-15 00:07:00,20273,249,latest,0,0,2018-11-17 12:20:00,android,772274,32827,27347.0,14.0,62.0,333.0,6693.0
e2ef524fbf3d9fe611d5a8e90fefdc9c,2018-11-15 00:07:00,20273,249,latest,0,0,2018-11-18 19:12:00,android,581622,5089,5702.0,12.0,57.0,85.0,6520.0
e2ef524fbf3d9fe611d5a8e90fefdc9c,2018-11-15 00:07:00,20273,249,latest,0,0,2018-11-19 12:51:00,android,342340,77340,408.0,12.0,57.0,171.0,3652.0
e2ef524fbf3d9fe611d5a8e90fefdc9c,2018-11-15 00:07:00,20273,249,latest,0,0,2018-11-19 12:51:00,android,342340,77340,408.0,12.0,57.0,171.0,3652.0
e2ef524fbf3d9fe611d5a8e90fefdc9c,2018-11-15 00:07:00,20273,249,latest,0,0,2018-11-19 12:52:00,android,342340,106025,4128.0,12.0,57.0,212.0,7238.0
e2ef524fbf3d9fe611d5a8e90fefdc9c,2018-11-15 00:07:00,20273,249,latest,0,0,2018-11-19 12:53:00,android,342340,63892,9520.0,11.0,51.0,242.0,3157.0
e2ef524fbf3d9fe611d5a8e90fefdc9c,2018-11-15 00:07:00,20273,249,latest,0,0,2018-11-19 12:54:00,android,342340,63892,9520.0,11.0,51.0,242.0,3157.0
e2ef524fbf3d9fe611d5a8e90fefdc9c,2018-11-15 00:07:00,20273,249,latest,0,0,2018-11-19 12:56:00,android,342340,6992,57600.0,11.0,51.0,178.0,3021.0
e2ef524fbf3d9fe611d5a8e90fefdc9c,2018-11-15 00:07:00,20273,249,latest,0,0,2018-11-20 21:27:00,android,719302,33472,953.0,16.0,56.0,17.0,5622.0
e2ef524fbf3d9fe611d5a8e90fefdc9c,2018-11-15 00:07:00,20273,249,latest,0,0,2018-11-21 21:41:00,android,23435,97584,10880.0,8.0,41.0,36.0,4145.0
e2ef524fbf3d9fe611d5a8e90fefdc9c,2018-11-15 00:07:00,20273,249,latest,0,0,2018-11-22 22:18:00,android,121452,28030,1893.0,4.0,38.0,62.0,7632.0
e2ef524fbf3d9fe611d5a8e90fefdc9c,2018-11-15 00:07:00,20273,249,latest,0,0,2018-11-23 13:47:00,android,917539,109202,1529.0,10.0,43.0,223.0,10208.0
e2ef524fbf3d9fe611d5a8e90fefdc9c,2018-11-15 00:07:00,20273,249,latest,0,0,2018-11-23 13:48:00,android,917539,64220,1077.0,4.0,38.0,62.0,4297.0
e2ef524fbf3d9fe611d5a8e90fefdc9c,2018-11-15 00:07:00,20273,249,latest,0,0,2018-11-23 13:50:00,android,917539,64220,1077.0,4.0,38.0,62.0,4297.0
e2ef524fbf3d9fe611d5a8e90fefdc9c,2018-11-15 00:07:00,20273,249,latest,0,0,2018-11-23 13:50:00,android,917539,64220,1077.0,4.0,38.0,62.0,4297.0
e2ef524fbf3d9fe611d5a8e90fefdc9c,2018-11-15 00:07:00,20273,249,latest,0,0,2018-11-23 13:51:00,android,917539,129147,1152.0,8.0,41.0,36.0,3377.0
e2ef524fbf3d9fe611d5a8e90fefdc9c,2018-11-15 00:07:00,20273,249,latest,0,0,2018-11-23 13:51:00,android,917539,64220,1077.0,4.0,38.0,62.0,4297.0
e2ef524fbf3d9fe611d5a8e90fefdc9c,2018-11-15 00:07:00,20273,249,latest,0,0,2018-11-24 14:37:00,android,156716,78780,8896.0,1.0,28.0,336.0,140.0
e2ef524fbf3d9fe611d5a8e90fefdc9c,2018-11-15 00:07:00,20273,249,latest,0,0,2018-11-24 14:38:00,android,156716,16630,6336.0,7.0,54.0,330.0,7583.0
e2ef524fbf3d9fe611d5a8e90fefdc9c,2018-11-15 00:07:00,20273,249,latest,0,0,2018-11-24 14:39:00,android,156716,115913,1267.0,4.0,74.0,292.0,9498.0
e2ef524fbf3d9fe611d5a8e90fefdc9c,2018-11-15 00:07:00,20273,249,latest,0,0,2018-11-24 16:50:00,android,9603,37432,2240.0,12.0,57.0,44.0,2341.0
e2ef524fbf3d9fe611d5a8e90fefdc9c,2018-11-15 00:07:00,20273,249,latest,0,0,2018-11-25 21:58:00,android,345313,83426,2534.0,17.0,39.0,252.0,9992.0
e2ef524fbf3d9fe611d5a8e90fefdc9c,2018-11-15 00:07:00,20273,249,latest,0,0,2018-11-25 22:19:00,android,345313,83426,2534.0,17.0,39.0,252.0,9992.0
e2ef524fbf3d9fe611d5a8e90fefdc9c,2018-11-15 00:07:00,20273,249,latest,0,0,2018-11-27 13:23:00,android,588888,9634,3507.0,9.0,44.0,164.0,5420.0
e2ef524fbf3d9fe611d5a8e90fefdc9c,2018-11-15 00:07:00,20273,249,latest,0,0,2018-11-27 13:24:00,android,588888,9634,3507.0,9.0,44.0,164.0,5420.0
